52.58101550266387, 1.5340397320873054 The Devil's Doorknocker of Callow Pit https://champing.co.uk/champing-stories-mysteries-and-legends/ Two men attempting to salvage a sunken treasure chest from a deep woodland pool managed to snag its iron ring handle before it slipped back into the depths, leaving behind a relic that eventually became a church door knocker. This heavy ring, carrying a legacy of folklore, now hangs on the entrance of Limpenhoe's parish church. #devil
51.704911697354895, -2.695865968967485 The Devil's Lap of Stones https://www.themodernantiquarian.com/site/6211/devils-lap-of-stones Local legend tells of ancient stone cairns near Aylburton where the Devil dropped his heavy load of rocks after being startled by a crowing rooster. #devil
51.82917386068958, -2.111151819886066 The Shepherd and the Devil of Birdlip Hill https://www.themodernantiquarian.com/post/73212/folklore/birdlip-camp A resourceful shepherd walking up Birdlip Hill outwits the Devil by tricking him into drinking a foul-tasting sheep medicine disguised as spiced ale. Consequently, the enraged Devil roars in agony and flees the area permanently. #devil#approx
51.69062895019952, -2.3374090318939085 The Devil's Wheelbarrow and Cam Peak https://myyearofstroudwildlife.blog/2017/05/09/a-cloak-of-bluebells-for-cam-peak/ Fearing that the Severn estuary had become too godly, the Devil attempted to dam the waters with a heavy wheelbarrow of earth, only to abandon his plan and dump his load at Cam Peak after being tricked by a local cobbler. #devil
51.86414958150618, -2.079275286650459 The Legend of the Devil's Chimney https://www.bbc.co.uk/gloucestershire/content/articles/2005/06/17/devils_chimney_feature.shtml Angered by the region's Christian churches, the Devil sat atop Leckhampton Hill and hurled rocks at churchgoers until the stones rebounded, burying him underground beneath a crooked limestone chimney. #devil
51.77913034012136, -2.093842979091195 The Devil's Door of St Andrew's https://www.greatbritishlife.co.uk/magazines/cotswold/22566527.enjoy-two-half-hour-walk-around-miserden-estate/ At St Andrew's Church in Miserden, local folklore attributes supernatural significance to an ancient north doorway and an adjacent yew tree. Parishioners historically believed that malevolent entities passed through the church, while tradition holds that the threshold is used by the souls of the dead for their final journey. #devil
51.78547651993805, -2.194939609072572 The Legend of the Ninety-Nine Yew Trees https://www.nationaltrail.co.uk/en_GB/attraction/yews-st-marys-church/ Local folklore dictates that exactly ninety-nine yew trees grow in the churchyard of St Mary's Church in Painswick, and any attempt by anyone to plant a hundredth tree will be destroyed by the Devil. #devil#folklore
52.60502249703662, -2.6917037625219224 The Devil's Causeway https://www.shropshirestar.com/news/south-shropshire/the-shropshire-road-where-you-could-meet-the-devil-at-midnight-and-face-his-judgement-5900499 Built by the Devil in a single night, the ancient stone road between Acton Burnell and Cardington is haunted by Old Scratch, who appears at midnight on a white horse to judge and punish late-night travelers. #devil#approx
52.619497304241406, -2.4542322974360298 The Card Player of the Boat Inn https://nearlyknowledgeablehistory.blogspot.com/2021/05/the-devil-in-shropshire.html During a card game at a local pub, patrons discover that their mysterious and charismatic opponent is the Devil himself after catching a glimpse of his cloven hooves beneath the table. #devil
52.379128058543934, -2.4804831623370114 The Devil's Leap and the Crooked Spire https://www.greenadventurestravel.com/Features/crooked-spires.html The Devil, startled by the sudden ringing of church bells, leaped from the top of the parish church spire and warped its structure in his panic. This supernatural escape left behind the uniquely twisted steeple that still defines the town's skyline today. #devil
52.417366201336975, -2.929313727587507 The Terror at Chapel Farm https://nearlyknowledgeablehistory.blogspot.com/2021/05/the-devil-in-shropshire.html The Devil drove a congregation from their place of worship near the River Clun through a relentless campaign of terrifying nocturnal noises, leading to the building's eventual conversion into a farm. #devil#private#approx
52.420195852102744, -2.9265152347080785 The Abandonment of Clunbury Church https://nearlyknowledgeablehistory.blogspot.com/2021/05/the-devil-in-shropshire.html The Devil waged a relentless campaign of terror against the village church in Clunbury, disrupting sermons and creating terrifying nocturnal noises until the congregation fled in fear, leaving the building to become Chapel Farm. #devil
52.89094765125967, -2.841843183706123 The Sunken Bells of Colemere http://www.feorag.com/wells/hope/shropshire.html When an attempt was made to haul the old church bells out of Colemere using twenty oxen, a boast invoking the devil caused the chains to snap, sending the bells plunging back into the mere forever. #devil#approx#bells
52.768311349128254, -2.9144070645209936 Wild Kynaston and his Satanic Steed Beelzebub https://folklorethursday.com/folktales/a-real-robin-hood-tales-of-wild-kynaston-and-his-satanic-steed-beelzebub/ The notorious outlaw Sir Humphrey Kynaston evaded the authorities with the aid of his supernatural horse named Beelzebub, whom local legend claimed was either a gift from a wizard or the devil incarnate. Operating from a cliffside lair on Nesscliffe Hill, he robbed the wealthy while protecting local villagers. #devil
52.943064485098425, -2.607144442571867 The Fatal Curse of Ightfield Rectory https://nearlyknowledgeablehistory.blogspot.com/2021/05/the-devil-in-shropshire.html A dismissed garden boy is followed by a persistent demonic shadow after his former employer curses him, leading to his mysterious death three days later. #devil#curse#private
52.37948808849677, -3.1176778113498824 David and the Devil at Skyborry https://davidaharley.substack.com/p/llanfair-wakes-e3a A farmworker named David repeatedly outwits the Devil after a chance encounter, eventually defeating him before leaving instructions for a bizarre and cunning burial. #devil
52.62732613832144, -2.485445402884025 The Devil's Face on the Iron Bridge https://memoriesofshropshire.co.uk/the-iron-bridge-secret-faces/ Old Nick is said to have cast his own silhouette into the ironwork of the historic bridge to watch over the people of Madeley Wood. #devil
52.93663745647593, -2.4369382661028256 The Devil's Ring and Finger https://www.themodernantiquarian.com/site/252/devils-ring-and-finger Two ancient standing stones near Market Drayton are said to have been dropped by the Devil to represent his ring and finger following a mysterious tragedy. #devil#standing-stone
52.63934405097248, -2.9285538868052687 The Devil's Talon https://nearlyknowledgeablehistory.blogspot.com/2023/12/the-devils-talon.html A mysterious stranger who acquired ungodly wealth abroad hosted a lavish Christmas Eve party at Minsterley Hall, only to be violently claimed by the Devil himself. The host was found dead with a pitch-black talon embedded in his eye after the estate was struck by a terrifying, fiery entity. #devil#private
52.732468308317024, -2.8427490618135205 The Satanic Steed's Leap at Montford Bridge https://folklorethursday.com/folktales/a-real-robin-hood-tales-of-wild-kynaston-and-his-satanic-steed-beelzebub/ When the local sheriff tried to trap the outlaw Wild Humphrey Kynaston by dismantling Montford Bridge, Humphrey's devil-gifted steed Beelzebub cleared the gaping chasm in a single bound. #devil
52.596087334654236, -2.5572271037534606 The Flying Devil of Much Wenlock https://muchwenlock-tc.gov.uk/the-guildhall-trail-map-audio-transcript/ After being acquitted of murdering his minister's daughter, a rejected quarryman invokes the devil's judgment upon himself and is subsequently killed by a machinery part known as the flying devil. #devil
52.80700491388872, -2.789523745715426 Wild Kynaston and his Satanic Steed https://folklorethursday.com/folktales/a-real-robin-hood-tales-of-wild-kynaston-and-his-satanic-steed-beelzebub/ The notorious outlaw Sir Humphrey Kynaston acquired a magnificent black horse named Beelzebub after making a bargain with the devil himself. Riding this supernatural steed, he evaded capture through legendary leaps across Shropshire while operating from his ancestral castle and cave hideouts. #devil#private
52.60331996700666, -2.6904127914173905 The Frogs of Causeway Bank https://www.megalithic.co.uk/article.php?sid=17063 A picturesque spring along the ancient Roman road between Ruckley and Acton Burnell serves as a haunting ground for the Devil and his imps disguised as frogs. The largest frog, representing Satan himself, remains hidden at the bottom of the rocky basin. #devil
52.70764260941357, -2.7525190364334167 Hell's Bells: The Devil Visits St Alkmund's https://nearlyknowledgeablehistory.blogspot.com/2021/05/the-devil-in-shropshire.html During a violent storm in Shrewsbury in January 1553, Satan scaled the spire of St Alkmund's Church and struck the church bell with such force that his claw marks were melted into the metal. #devil
52.85607346416883, -2.722828730090973 The Black Bull of Wem https://mythstories.com/the-devil-in-wem/ A group of rowdy drinkers in a Wem pub conjure the Devil in the form of a terrifying black bull, which is eventually banished by a clever clergyman using an everlasting candle. #devil#bull#approx
52.64776161346428, 0.5884013306994121 The Devil's Spadeful at Hangour Hill https://www.hiddenea.com/norfolkb.htm The Devil created Hangour Hill by shaking excess earth from his spade after digging the ancient Bichamditch. Beneath this barrow, a mysterious pair of silver gates is said to be hidden. #devil
52.92379575934, 1.1818608802001256 The Round House https://www.hiddenea.com/norfolkb.htm Builders attempting to construct a traditional building in Bodham found their work repeatedly torn down each night by Old Nick. In response, they redesigned the structure as a circular building, which completely confused the Devil and forced him to abandon his attacks. #devil#approx#private
52.48421475440004, 1.6710257346414588 The Builder's Bargain https://www.hiddenea.com/norfolkb.htm A poor man who sold his soul to the devil in exchange for funds to build the local church outwitted the demon by dying just in time to be buried within consecrated ground. #devil
52.77001651799862, 1.1616903070514764 The Devil in the Boot https://www.britainexpress.com/counties/norfolk/churches/cawston.htm A holy medieval rector famously captures and imprisons the Devil inside a leather boot. This legendary feat is immortalized in painted woodwork at a historic Norfolk church. #devil#painting
52.83628573964171, 1.1616746937861424 The Devil's Dish https://hiddenea.com/norfolkc.htm After human remains were improperly covered up rather than given a Christian burial in 1717, divine wrath caused the ground in Mossymere Wood to open up, swallowing ancient oak trees and creating a deep sinkhole claimed by the Devil. #devil
52.468260029328555, 0.7633465861438383 The Devil's Nightcap of Croxton https://www.feltwell.net/feltwell2/written/devils_dyke.htm On damp autumn evenings, a mysterious circlet of mist known as the Devil's Nightcap forms over the Devil's Punch Bowl in Croxton. Local folklore attributes this haunting atmospheric phenomenon to the devil's presence in the landscape. #devil
