52.452339119039195, 1.423269617376648 The Christmas Eve Apparition at Temple Bar https://www.hiddenea.com/shuckland/earsham.htm A late-night winter traveler walking home to Earsham witnessed a large black hound emerge from a private estate, cross the road, and vanish directly through a rectory wall without leaving any footprints in the snow. #approx#private#hound
52.452365115067664, 1.4232782305255174 The Christmas Eve Apparition at Temple Bar https://www.hiddenea.com/shuckland/earsham.htm A late-night winter traveler walking home to Earsham witnessed a large black hound emerge from a private estate, cross the road, and vanish directly through a rectory wall without leaving any footprints in the snow. #approx#private#hound
52.45470930659978, 0.8698680895336911 The Phantom Newfoundland of Roudham Heath https://www.hiddenea.com/shuckland/roudham.htm A motorist driving across Roudham Heath late at night encountered a gigantic, supernatural Newfoundland dog crossing the ancient Peddar's Way. Upon returning home, his mother immediately recognized the apparition as Old Shuck. #hound
52.46482183473947, 1.4497162032570703 The Highway Phantom of Geldeston https://britishfairies.wordpress.com/2022/10/30/stalker-sprites/ A terrifying spectral black dog as large as a horse once stalked lone travellers along the road from Geldeston to Bungay, growling fiercely and dragging victims by their clothing. #hound#approx
52.47561694111842, 1.5489267552219954 The Phantom Hound of All Saints http://www.hiddenea.com/shuckland/gillingham.htm In 1913, a late-night cyclist narrowly avoided crashing into a spectral dog near a ruined church tower in Gillingham before the creature vanished into the graveyard. #hound
52.47590785072313, 1.5253610320972595 The Hateful Thing of Geldeston https://www.norfolkfolkloresociety.co.uk/post/the-shapeshifting-horror-of-the-hateful-thing-in-geldeston A woman walking back to Geldeston along the market path with her daughter and her companion encounters a terrifying, shapeshifting beast. The entity trails them before finally disappearing up the sandy lane leading to the churchyard. #hound
52.489460, 0.484144 The Hound of Poppylot Road https://www.hiddenea.com/shuckland/feltwellandsoutherybtwn.htm A cyclist traveling along Poppylot Road at midnight in the 1930s encountered a massive black hound with glowing green eyes that was dragging a heavy rattling chain. #approx#hound
52.56041185628585, 1.4079803552695924 The Cyclist and the Hound of Bergh Apton https://www.edp24.co.uk/news/20638212.weird-norfolk-black-shuck-encounter-south-norfolk/ Returning home from a darts match late at night near the end of the Second World War, a cyclist was ambushed by Black Shuck near a roadside pond. The snarling hound lunged at crossbar height before miraculously vanishing into a solid wall. #hound
52.581759349548705, 1.6511949152263776 Old Scarfe's Haunt https://historyofnorfolk.com/broads/burgh-castle-ghosts/ The ancient stone walls of a Roman fort are haunted by a demonic one-eyed hellhound named Old Scarfe. This spectral beast is said to be the reincarnation of a deeply wicked 13th-century knight. #hound
52.598145047203495, 1.7378498680431083 The Coastguard's Phantom Hound https://norfolkblogger.co.uk/black-shuck-norfolks-hound-from-hell/2271 In April 1972, a coastguard on duty early in the morning witnessed a large black hound suddenly appear and vanish on the beach north of the Gorleston rescue headquarters. #hound#approx
52.60465909797321, 0.4011319154595576 The Bexwell Shuck and the Rector's Hound https://www.hiddenea.com/shuckland/downhammktandbexwellbtwn.htm Around 1870, the Bexwell parish clerk encountered a terrifying black dog vanishing through a hedge with a loud rattling of chains and a smell of sulphur along the road to Downham Market. Although the local rector suggested the beast was simply his own escaped hound, he was left entirely puzzled by the supernatural stench. #approx#hound
52.62418095798894, 1.600181436573757 The Halvergate Shuck Encounter https://www.invisibleworks.co.uk/the-halvergate-shuck/ During a severe November storm in 2000, a motorist driving across the marshes near Acle witnessed a gigantic, wolf-like spectral hound with burning red eyes pacing his vehicle. Another similar midnight encounter on the Acle Straight was later recounted by student researchers interviewing local witnesses. #approx#hound
52.62607481461514, 0.9892567787937935 The Vanishing Dog of Chancel Lane https://www.hiddenea.com/shuckland/garveston.htm A witness walking past Garveston church in broad daylight watched a dark, shaggy dog trot across an open field before it abruptly vanished into thin air. #hound
52.62835663257236, 1.1872101607858607 The Guardian Hound of Bawburgh https://www.hiddenea.com/shuckland/bawburgh.htm While cycling home late at night, a young man encountered a colossal spectral hound sitting by a village signpost before an unlit vehicle seemingly crashed into it and vanished. The supernatural encounter was later believed by the witness to have miraculously saved his life. #hound
52.659160068869035, 1.2103671842227588 The Shuck of Old Costessey https://hauntedhosts.com/haunted-places/norfolk/location/9592-the-shuck-of-old-costessey/ A mysterious spectral black dog, known as a Shuck, was reported roaming around a village pub in Old Costessey. The unsettling apparition added to the rich folklore of ghostly hounds in East Anglia. #hound
52.70747700063904, 1.150589962251228 Owd Rugman of Attlebridge https://www.hiddenea.com/shuckland/attlebridge.htm A shaggy phantom hound known as Owd Rugman haunted the rural lanes and villages of Attlebridge and Lenwade during the late nineteenth century. Local residents reported numerous frightening encounters with this spectral beast as it roamed the countryside. #hound
52.728000354223525, 1.3559261829486493 The Phantom Hound of Coltishall Bridge https://www.edp24.co.uk/lifestyle/20782902.weird-norfolk-coltishall-bridge-devil-dog-black-shuck-prowls-night/ Multiple residents and travellers have reported encountering a massive, silent black dog with glowing eyes lurking around Coltishall Bridge after dark. Over the decades, terrified witnesses have watched the monstrous phantom hound materialize, cross their path, and vanish into thin air. #dog
52.728001054125954, 1.3559451611860311 The Phantom Hound of Coltishall Bridge https://www.visitthebroads.co.uk/discover-the-broads/culture-and-heritage/folklore-and-stories/ Black Shuck, the legendary ghostly black hound of East Anglia, is frequently sighted as a silent, massive beast near Coltishall Bridge and vanishing into thin air on Coltishall High Street. #hound
52.73675377236638, 1.4669379107152816 The Phantom Dog of Neatishead https://www.hiddenea.com/shuckland/neatishead.htm A local resident walking home after dark in Neatishead encountered a spectral black dog that proved to be entirely incorporeal when kicked. #hound#approx
52.737617175224, 1.5215366427543018 The Guardian Hound of Catfield Marshes https://www.hiddenea.com/shuckland/catfield.htm While illegally gathering rushes on the marshes near Catfield Hall, a group of women fleeing a gamekeeper were guided safely home by a mysterious black dog. #private#hound
52.757557710073684, 0.7356277084119082 Black Shuck of Weasenham Lanes https://www.yorkghostmerchants.com/ghost-stories-shortlisted/project-one-r7h53-dklz7-r5993-g6msr-4lth8 While staying at her late great aunt's cottage in Weasenham, a recovering librarian is pursued by the spectral black hound Black Shuck along the misty autumn lanes near Weasenham Woods. #approx#hound
52.81143755054507, 1.2318011636361417 The Black Hound of Blickling Hall https://norfolkrecordofficeblog.org/2023/08/03/black-shuck-the-hell-hound-that-terrorises-blickling-hall/ Following his death, the corpse of an unpopular Blickling baronet was repeatedly rejected by the consecrated earth before transforming into a terrifying spectral black dog that plagued the estate. The beast was eventually subdued by a London wizard and imprisoned within the south-east turret of Blickling Hall. #hound
52.83104239903041, 0.9562406319760149 The Demon Hound of Saint Mary's https://www.edp24.co.uk/news/23805266.history-saint-marys-church-fulmodeston-norfolk/ The abandoned ruins of an eleventh-century church in Fulmodeston are haunted by Black Shuck, a terrifying demon hound said to roam near the site. Local lore also speaks of an unburied coffin beneath the rubble whose occupant wanders the derelict grounds. #hound
52.845830 , 1.4846150 The Shipwreck Hound of Bacton Abbey https://hiddenea.com/shuckland/bactontobregis.htm A colossal, shaggy spectral dog said to originate from an ancient shipwreck paces back and forth along the coast road between Bacton Abbey and Beeston Regis with glaring, luminous eyes. Local tradition connects the phantom hound to men buried at the historic abbey ruins. #hound#private
52.89211298805829, 0.9925960739514047 The Ghostly Shuck Dog of Clip Street Lane http://hiddenea.com/shuckland/bale.htm A grandmother witnessed a ghostly Shuck Dog just outside her bungalow on a green lane in Bale. The spectral hound's appearance was preserved as a vivid family memory. #hound
52.91344612113729, 1.2614454847016752 The Spectral Hound of Felbrigg Woods https://robert-galbraith.com/the-history-of-felbrigg-cromer-and-norwich/ Black Shuck, the legendary devil dog with glowing red eyes, is said to roam the ancient woods and grounds surrounding Felbrigg House as a fatal omen. Encountering the spectral hound in this North Norfolk estate forewarns of death before the year is out. #hound
52.94351718878314, 1.2241654800103092 The Spectral Hound of Beeston Heath https://www.hiddenea.com/shuckland/overstrandandthecoast.htm A terrifying headless spectral dog with flaming saucer eyes rises from the sea at Beeston to prowl along Shock's Lane toward Overstrand churchyard every evening at twilight. #hound
52.94353846073082, 1.2241119130335676 The Ghost Dog of Beeston Bump https://www.hiddenea.com/shuckland/overstrandandthecoast.htm A terrifying spectral hound known as Old Shuck patrols the North Norfolk coast between Beeston and Overstrand every evening, heralded by glowing saucer-shaped eyes and smelling of brimstone. This phantom dog serves as both a fearful premonition of coastal storms and a guardian of the crumbling cliff paths. #hound
52.95184742418555, 1.0224897608880643 The Tinkling Chain of Cley Hill https://www.hiddenea.com/shuckland/blakeney.htm Walking home along the A149 from Cley to Blakeney at midnight, a woman is stalked up a hill by an invisible presence dragging a chain. She hears the unseen entity pass down Back Lane before fleeing down the High Street. #hound
