50.4677	-3.80771	The Weaver and the Hound	http://antiq.wiki/?s18-l323	After the death of a skilled weaver named Knowles from Dean Combe, his ghost appears weaving at his loom until a priest forces him to leave. As punishment for his worldly desires, the weaver's spirit is transformed into a hound and condemned to an eternal task at Hound's Pool.
51.76919	-4.46237	The Gwyllgi, Or Dog Of Darkness.	http://antiq.wiki/?s11-l8853	The frightful apparition of a mastiff with blazing red eyes, known as the Gwyllgi, haunted Pant y Madog near Laugharne, Carmarthenshire, terrifying a woman named Rebecca Adams as it approached her and emitted an earth-shaking scream. This spectral dog is said to still haunt Carmarthenshire, as reported by witnesses in Llangynog who have seen such apparitions.
52.04469	-3.81963	A Familiar Spirit In The Shape Of A Dog And The Lonely Night Traveller.	http://antiq.wiki/?s11-l12439	A man from Cilcwm was returning home late at night through a lonely mountainous area when he encountered a friendly black dog walking beside him. Upon reaching home, the dog mysteriously vanished, leading the man to believe it was a familiar spirit sent by a wizard to keep him company on his journey.
52.45233	1.42326	The Christmas Eve Apparition at Temple Bar	https://www.hiddenea.com/shuckland/earsham.htm	A late-night winter traveler walking home to Earsham witnessed a large black hound emerge from a private estate, cross the road, and vanish directly through a rectory wall without leaving any footprints in the snow.
52.45236	1.42327	The Christmas Eve Apparition at Temple Bar	https://www.hiddenea.com/shuckland/earsham.htm	A late-night winter traveler walking home to Earsham witnessed a large black hound emerge from a private estate, cross the road, and vanish directly through a rectory wall without leaving any footprints in the snow.
52.4547	0.86986	The Phantom Newfoundland of Roudham Heath	https://www.hiddenea.com/shuckland/roudham.htm	A motorist driving across Roudham Heath late at night encountered a gigantic, supernatural Newfoundland dog crossing the ancient Peddar's Way. Upon returning home, his mother immediately recognized the apparition as Old Shuck.
52.46482	1.44971	The Highway Phantom of Geldeston	https://britishfairies.wordpress.com/2022/10/30/stalker-sprites/	A terrifying spectral black dog as large as a horse once stalked lone travellers along the road from Geldeston to Bungay, growling fiercely and dragging victims by their clothing.
52.47561	1.54892	The Phantom Hound of All Saints	http://www.hiddenea.com/shuckland/gillingham.htm	In 1913, a late-night cyclist narrowly avoided crashing into a spectral dog near a ruined church tower in Gillingham before the creature vanished into the graveyard.
52.4759	1.52536	The Hateful Thing of Geldeston	https://www.norfolkfolkloresociety.co.uk/post/the-shapeshifting-horror-of-the-hateful-thing-in-geldeston	A woman walking back to Geldeston along the market path with her daughter and her companion encounters a terrifying, shapeshifting beast. The entity trails them before finally disappearing up the sandy lane leading to the churchyard.
52.48946	0.48414	The Hound of Poppylot Road	https://www.hiddenea.com/shuckland/feltwellandsoutherybtwn.htm	A cyclist traveling along Poppylot Road at midnight in the 1930s encountered a massive black hound with glowing green eyes that was dragging a heavy rattling chain.
52.56041	1.40798	The Cyclist and the Hound of Bergh Apton	https://www.edp24.co.uk/news/20638212.weird-norfolk-black-shuck-encounter-south-norfolk/	Returning home from a darts match late at night near the end of the Second World War, a cyclist was ambushed by Black Shuck near a roadside pond. The snarling hound lunged at crossbar height before miraculously vanishing into a solid wall.
52.58175	1.65119	Old Scarfe's Haunt	https://historyofnorfolk.com/broads/burgh-castle-ghosts/	The ancient stone walls of a Roman fort are haunted by a demonic one-eyed hellhound named Old Scarfe. This spectral beast is said to be the reincarnation of a deeply wicked 13th-century knight.
52.59814	1.73784	The Coastguard's Phantom Hound	https://norfolkblogger.co.uk/black-shuck-norfolks-hound-from-hell/2271	In April 1972, a coastguard on duty early in the morning witnessed a large black hound suddenly appear and vanish on the beach north of the Gorleston rescue headquarters.
52.60465	0.40113	The Bexwell Shuck and the Rector's Hound	https://www.hiddenea.com/shuckland/downhammktandbexwellbtwn.htm	Around 1870, the Bexwell parish clerk encountered a terrifying black dog vanishing through a hedge with a loud rattling of chains and a smell of sulphur along the road to Downham Market. Although the local rector suggested the beast was simply his own escaped hound, he was left entirely puzzled by the supernatural stench.
52.62418	1.60018	The Halvergate Shuck Encounter	https://www.invisibleworks.co.uk/the-halvergate-shuck/	During a severe November storm in 2000, a motorist driving across the marshes near Acle witnessed a gigantic, wolf-like spectral hound with burning red eyes pacing his vehicle. Another similar midnight encounter on the Acle Straight was later recounted by student researchers interviewing local witnesses.
52.62607	0.98925	The Vanishing Dog of Chancel Lane	https://www.hiddenea.com/shuckland/garveston.htm	A witness walking past Garveston church in broad daylight watched a dark, shaggy dog trot across an open field before it abruptly vanished into thin air.
52.62835	1.18721	The Guardian Hound of Bawburgh	https://www.hiddenea.com/shuckland/bawburgh.htm	While cycling home late at night, a young man encountered a colossal spectral hound sitting by a village signpost before an unlit vehicle seemingly crashed into it and vanished. The supernatural encounter was later believed by the witness to have miraculously saved his life.
52.65916	1.21036	The Shuck of Old Costessey	https://hauntedhosts.com/haunted-places/norfolk/location/9592-the-shuck-of-old-costessey/	A mysterious spectral black dog, known as a Shuck, was reported roaming around a village pub in Old Costessey. The unsettling apparition added to the rich folklore of ghostly hounds in East Anglia.
52.70747	1.15058	Owd Rugman of Attlebridge	https://www.hiddenea.com/shuckland/attlebridge.htm	A shaggy phantom hound known as Owd Rugman haunted the rural lanes and villages of Attlebridge and Lenwade during the late nineteenth century. Local residents reported numerous frightening encounters with this spectral beast as it roamed the countryside.
52.728	1.35592	The Phantom Hound of Coltishall Bridge	https://www.edp24.co.uk/lifestyle/20782902.weird-norfolk-coltishall-bridge-devil-dog-black-shuck-prowls-night/	Multiple residents and travellers have reported encountering a massive, silent black dog with glowing eyes lurking around Coltishall Bridge after dark. Over the decades, terrified witnesses have watched the monstrous phantom hound materialize, cross their path, and vanish into thin air.
52.728	1.35594	The Phantom Hound of Coltishall Bridge	https://www.visitthebroads.co.uk/discover-the-broads/culture-and-heritage/folklore-and-stories/	Black Shuck, the legendary ghostly black hound of East Anglia, is frequently sighted as a silent, massive beast near Coltishall Bridge and vanishing into thin air on Coltishall High Street.
52.73675	1.46693	The Phantom Dog of Neatishead	https://www.hiddenea.com/shuckland/neatishead.htm	A local resident walking home after dark in Neatishead encountered a spectral black dog that proved to be entirely incorporeal when kicked.
52.73761	1.52153	The Guardian Hound of Catfield Marshes	https://www.hiddenea.com/shuckland/catfield.htm	While illegally gathering rushes on the marshes near Catfield Hall, a group of women fleeing a gamekeeper were guided safely home by a mysterious black dog.
52.75755	0.73562	Black Shuck of Weasenham Lanes	https://www.yorkghostmerchants.com/ghost-stories-shortlisted/project-one-r7h53-dklz7-r5993-g6msr-4lth8	While staying at her late great aunt's cottage in Weasenham, a recovering librarian is pursued by the spectral black hound Black Shuck along the misty autumn lanes near Weasenham Woods.
52.81143	1.2318	The Black Hound of Blickling Hall	https://norfolkrecordofficeblog.org/2023/08/03/black-shuck-the-hell-hound-that-terrorises-blickling-hall/	Following his death, the corpse of an unpopular Blickling baronet was repeatedly rejected by the consecrated earth before transforming into a terrifying spectral black dog that plagued the estate. The beast was eventually subdued by a London wizard and imprisoned within the south-east turret of Blickling Hall.
52.83104	0.95624	The Demon Hound of Saint Mary's	https://www.edp24.co.uk/news/23805266.history-saint-marys-church-fulmodeston-norfolk/	The abandoned ruins of an eleventh-century church in Fulmodeston are haunted by Black Shuck, a terrifying demon hound said to roam near the site. Local lore also speaks of an unburied coffin beneath the rubble whose occupant wanders the derelict grounds.
52.84583	1.48461	The Shipwreck Hound of Bacton Abbey	https://hiddenea.com/shuckland/bactontobregis.htm	A colossal, shaggy spectral dog said to originate from an ancient shipwreck paces back and forth along the coast road between Bacton Abbey and Beeston Regis with glaring, luminous eyes. Local tradition connects the phantom hound to men buried at the historic abbey ruins.
52.89211	0.99259	The Ghostly Shuck Dog of Clip Street Lane	http://hiddenea.com/shuckland/bale.htm	A grandmother witnessed a ghostly Shuck Dog just outside her bungalow on a green lane in Bale. The spectral hound's appearance was preserved as a vivid family memory.
52.91344	1.26144	The Spectral Hound of Felbrigg Woods	https://robert-galbraith.com/the-history-of-felbrigg-cromer-and-norwich/	Black Shuck, the legendary devil dog with glowing red eyes, is said to roam the ancient woods and grounds surrounding Felbrigg House as a fatal omen. Encountering the spectral hound in this North Norfolk estate forewarns of death before the year is out.
52.94351	1.22416	The Spectral Hound of Beeston Heath	https://www.hiddenea.com/shuckland/overstrandandthecoast.htm	A terrifying headless spectral dog with flaming saucer eyes rises from the sea at Beeston to prowl along Shock's Lane toward Overstrand churchyard every evening at twilight.
52.94353	1.22411	The Ghost Dog of Beeston Bump	https://www.hiddenea.com/shuckland/overstrandandthecoast.htm	A terrifying spectral hound known as Old Shuck patrols the North Norfolk coast between Beeston and Overstrand every evening, heralded by glowing saucer-shaped eyes and smelling of brimstone. This phantom dog serves as both a fearful premonition of coastal storms and a guardian of the crumbling cliff paths.
52.95184	1.02248	The Tinkling Chain of Cley Hill	https://www.hiddenea.com/shuckland/blakeney.htm	Walking home along the A149 from Cley to Blakeney at midnight, a woman is stalked up a hill by an invisible presence dragging a chain. She hears the unseen entity pass down Back Lane before fleeing down the High Street.
52.32104	1.59456	Black Shuck	https://www.suffolklive.com/news/history/black-shuck-blythburgh-church-suffolk-5767807
52.45567	1.43785	Black Shuck	https://www.thesuffolkcoast.co.uk/articles/the-legend-of-the-bungay-black-dog	Legend tells of a terrifying black dog that stormed through St Mary's Church in Bungay on August 4th, 1577, killing worshippers and leaving scorch marks still visible today at Blythburgh Church—marks said to be the Devil’s own fingerprints. This spectral beast, known as the Bungay Black Dog, is said to haunt the lonely paths of the Suffolk Coast, silent in step but chilling in howl.
50.51991	-2.44423	Roy Dog	https://en.wikipedia.org/wiki/Cave_Hole,_Portland
54.72853	-3.07998	The Branthwaite Neuk Boggle	https://www.mysteriousbritain.co.uk/forum/the-branthwaite-neuk-boggle-cumbria/
54.34803	-2.75444	The headless dog of Eggholme
54.59554	-3.41973	Black Rook of Mockerkin Tarn
38.83001	-75.24833	The Prime hook Swamp Creature	https://www.paranormalcatalog.net/cryptids/the-primehook-swamp-creature
51.51569	-0.10191	The Black Dog of Newgate	https://en.wikipedia.org/wiki/The_Black_Dog_of_Newgate
54.22636	-4.69878	Moddey Dhoo	https://en.wikipedia.org/wiki/Moddey_Dhoo	The Moddey Dhoo is a spectral black dog that haunts Peel Castle on the Isle of Man. According to legend, it appeared nightly in the guardroom, vanishing into a sealed passage after terrifying an overconfident guard.
33.21	130.49808	Hainu	https://yokai.com/hainu/	Hainu is a winged dog from Japanese folklore, known for its strength, speed, and ferocity. According to legend, Hainu can be both menacing and loyal, and has been immortalized in the form of a stone monument and bronze statues in Chikugo City.