57.55291	-4.27274	Munlochy Clootie Well (St Curitan's Well)	https://www.megalithic.co.uk/article.php?sid=8265	The best-known clootie well in Britain: a spring by the A832 where the surrounding trees are hung with thousands of rags, left so that illness fades as the cloth rots. Forestry and Land Scotland manages the site and asks for biodegradable cloth only
57.4799	-4.13141	St Mary's Well (Culloden Clootie Well)	https://www.megalithic.co.uk/article.php?sid=8263	A walled spring in Culloden Woods, also called Tobar na Coille, where visitors walk sunwise round the well, drink, and tie a rag on a nearby tree. Thousands made the pilgrimage on the first Sunday in May in the 1930s
57.54933	-4.20859	Craiguch Well	https://her.highland.gov.uk/monument/MHG7112	A rag well recorded in 1885 as visited on the first Sunday of summer. Fresh and fading cloots were still tied at the well during a 2014 visit
55.03349	-3.63513	St Queran's Well	https://en.wikipedia.org/wiki/St_Queran%27s_Well	A holy well where ribbons were reported tied to the surrounding bushes in 1892. Ribbons and other offerings are still left around it
56.17124	-4.3771	Doon Hill Fairy Tree (Minister's Pine)	https://www.atlasobscura.com/places/doon-hill-fairy-knowe	A lone pine on the fairy hill where the Rev. Robert Kirk is said to have been taken by fairies in 1692. Visitors tie ribbons and cloth to it and the surrounding trees as wishes or fairy offerings
50.14001	-5.57575	Madron Well	https://en.wikipedia.org/wiki/Clootie_well	The classic Cornish rag well, described in 1894 as the only Cornish well where rags were traditionally tied. A cloutie tree beside the path is still hung with strips of cloth for healing
50.10733	-5.61388	Sancreed Well	https://en.wikipedia.org/wiki/Clootie_well	A sunken holy well below a cloutie tree that 'guards the entrance' and is hung with rags. Rags have appeared here in roughly the last few decades
50.06858	-5.64451	Alsia Well	https://en.wikipedia.org/wiki/Clootie_well	A small holy well on private land near St Buryan whose surrounding thorns now carry clouties. The custom here is recent, dating from the last few decades
50.09758	-5.65202	Carn Euny Well (St Euny's Well)	https://kernowgoth.org/cornish-heritage-and-culture/kernow-goth-from-the-journal/kernow-goth-from-the-journal-cloutie-wells-of-cornwall/	A holy well near the Iron Age village of Carn Euny with a cloutie tree beside it. The well was said to cure when visited on the first three Wednesdays of May
50.19515	-5.4536	St Uny's Well (Fairy Well), Lelant	https://kernowgoth.org/cornish-heritage-and-culture/kernow-goth-from-the-journal/kernow-goth-from-the-journal-cloutie-wells-of-cornwall/	A small, secluded well on the coast path above St Ives Bay, listed among Cornwall's active cloutie wells
50.27861	-5.22723	Park Shady Well	https://kernowgoth.org/cornish-heritage-and-culture/kernow-goth-from-the-journal/kernow-goth-from-the-journal-cloutie-wells-of-cornwall/	A roadside well whose surrounding trees are 'festooned' with clouties
50.39961	-4.70347	Lanlivery Well (St Bryvyth's Well)	https://kernowgoth.org/cornish-heritage-and-culture/kernow-goth-from-the-journal/kernow-goth-from-the-journal-cloutie-wells-of-cornwall/	A village holy well with a few clouties hung beside it
50.6648	-4.716	St Nectan's Glen	https://www.britishpilgrimage.org/places/st-nectans-glen-and-kieve-trethevy-tintagel	A wooded gorge ending in a waterfall through a rock arch, where rag clouties, ribbons, stacked stones and photos of loved ones are left on every ledge and branch
50.4884	-4.4691	St Cleer's Well	https://insearchofholywellsandhealingsprings.wordpress.com/2023/10/18/st-cleers-well-cornwall-a-cure-for-insanity/	A 15th-century well-house once used to cure madness by immersion. It has recently become a small rag well with ribbons and other offerings
50.39503	-4.47687	St Cuby's Well	https://insearchofholywellsandhealingsprings.wordpress.com/2022/03/19/st-cubys-well-duloe-cornwall/	A medieval well-house that has lately become a rag or clootie well as the custom spreads across Cornwall
51.41183	-1.85616	Swallowhead Spring	https://www.megalithic.co.uk/article.php?sid=8333	The chalk spring that feeds the River Kennet, below West Kennet Long Barrow. The willow over it has become a cloutie tree hung with ribbons and offerings
51.97555	-1.57079	Rollright Stones	https://www.paganfed.org/on-the-subject-of-clooties/	A Neolithic and Bronze Age stone complex where visitors leave extensive clooties on the trees around the stones. The Pagan Federation has written about the build-up there
52.42475	-2.08316	St Kenelm's Well	https://www.megalithic.co.uk/article.php?sid=8261	The spring where the boy-king Kenelm's body was said to be found. The trees round the replacement wellhead are festooned with rags, ribbons, neckties and tokens
54.00889	-2.10683	St Helen's Well, Eshton	https://www.megalithic.co.uk/article.php?sid=10309	A roofed spring in woodland where rags and coloured strings are still tied to the surrounding trees
54.33597	-0.77967	Old Wife's Well	https://www.thenorthernantiquarian.org/2022/09/28/old-wives-well/	A moorland-edge well carved 'Nattie Fonten' where ribbons, cloth strips and dream catchers now hang on the trees and fence. Locals say the rags are a recent addition, not an old custom there
53.42742	-0.23082	Lud's Well	https://insearchofholywellsandhealingsprings.wordpress.com/2020/07/19/in-search-of-rag-wells-the-lincolnshire-rag-well-cluster-part-2/	A spring in a cave-like chamber, described as the only currently active rag well in Lincolnshire, with ribbons seen in recent footage
51.90907	-4.76217	St Teilo's Well	https://insearchofholywellsandhealingsprings.wordpress.com/2019/11/19/an-abecedary-of-sacred-springs-of-the-world-wales/	A series of spring pools where St Teilo's skull was once used as a drinking cup for cures. Red and white rags hang on the trees, and it may be the only traditional surviving rag well in Wales
51.74229	-2.72121	Virtuous Well (St Anne's Well)	https://www.megalithic.co.uk/article.php?sid=8277	A stone-walled chalybeate well near Harold's Stones. The tree above it is covered with a diverse array of fabric offerings, which are periodically cleared
51.5764	-4.0354	St Peter's Well, Caswell Bay	https://insearchofholywellsandhealingsprings.wordpress.com/2019/11/19/an-abecedary-of-sacred-springs-of-the-world-wales/	A holy well beside a ruined post-medieval chapel in woods above Caswell Bay, where rags and objects are currently tied to the trees
54.70423	-6.36385	St Olcan's Well, Cranfield	https://ihwcbc.omeka.net/exhibits/show/wells-of-county-antrim/item/91	Pilgrims dip cloth in the well, rub it on the ailing part, and tie it to the overhanging hawthorns between May Eve and 29 June. Amber pebbles from the well are kept as charms
54.30594	-7.88542	St Patrick's Well, Belcoo	https://ihwcbc.omeka.net/exhibits/show/countyfermanagh/item/72	A large, very cold spring visited at Lughnasa. Clooties, photos, medals and rosaries are tied to a pair of ash trees beside the well
54.14255	-6.45525	St Moninna's Well	http://irelandsholywells.blogspot.com/2012/06/saint-monninas-well-killeavy-county.html	A holy well above Killeavy Old Churches on the pilgrim path up Slieve Gullion, with a rag tree beside it
54.35078	-5.50057	St Cooey's Wells	https://www.belfastentries.com/people/st-cooeys-wells/	Three holy wells by a 7th-century church site. A 'Rag Tree' nearby takes a strip of cloth for each petition or thanksgiving
54.9172	-6.9217	Dungiven Holy Well (St Nechtan's Well)	https://www.derryjournal.com/news/mystery-of-rag-tree-at-holy-well-in-dungiven-stripped-bare-749164	Visitors dip rags in the bullaun water, rub them on warts and hang them on the tree. The tree was mysteriously stripped bare around Christmas 2016
54.515	-7.46	The Eye Well, Dromore	https://insearchofholywellsandhealingsprings.wordpress.com/2020/09/19/in-search-of-rag-wells-irish-rag-wells-a-photo-archive/	A spring below the ruined church believed to cure eyes. Cloths dipped in it are applied with a prayer and hung on the trees, where hundreds were recorded