52.02562	-2.35037	The Shadow Curse of the Raggedstone	http://antiq.wiki/?s20-l230	A rebellious monk from Little Malvern was ordered to crawl on hands and knees to the top of Raggedstone Hill as punishment, ultimately cursing the hill's shadow to bring misfortune upon those it touched. The curse is said to have affected figures such as Cardinal Wolsey, who experienced misfortune after the shadow fell upon him during his time as a tutor near Raggedstone.
57.33008	-1.9672	Forvie's Curse	https://www.themodernantiquarian.com/post/77051/folklore/forvie-kerb-cairns	Three sisters cursed their village after being cast adrift in a leaky boat, leading to its eventual burial by sand.
53.30227	-4.60906	The Cursing Well of Penrhos	https://bydbach.hcommons.org/curses-and-blessings-at-the-holy-wells-of-anglesey/	A well near the village of Penrhos was believed to have both healing and cursing powers. Visitors could cure cancer by bathing in its waters or afflict enemies with the disease by uttering curses and dropping pins around the well.
-34.66752	-58.36859	The Seven Buried Cats of Avellaneda	https://buenosairesherald.com/sports/heralds-halloween-special-the-legend-of-racing-club-and-the-seven-buried-cats	Following a bitter football rivalry, seven black cats were allegedly buried beneath a stadium goal to curse a major sports club with decades of failure. The prolonged hex was only lifted decades later when the missing seventh carcass was finally excavated.
56.3577	-5.85961	The Two Sisters and the Curse	https://folklorescotland.com/the-two-sisters-and-the-curse/	A tale of two sisters, one cursed for revealing her sister's secret fairy lover, leading to a tragic chain of events.
54.34374	-6.70227	The Curse Of Macha	https://visitarmagh.com/stories/live-our-celtic-myths-legends-in-the-ancient-site-of-navan-fort/the-curse-of-macha/	Macha, a goddess in human form, is forced to race against horses while pregnant and dies giving birth. She curses the men of Ulster to be weak during their greatest need.
-17.34369	145.87172	The Legend of Devil's Pool	https://www.mamamia.com.au/devils-pool-haunted/	A grieving Aboriginal woman named Oolana threw herself into the waters of far north Queensland, casting a lethal curse that lures young men to their deaths. Her restless spirit continues to guard the pool, pulling swimmers into its deadly undercurrents.
55.1268	-4.94553	The Vengeful Mermaid	https://folklorescotland.com/the-vengeful-mermaid/	A mermaid curses a family after their destruction of her favorite rock, leading to the extinction of the family line.
52.03731	-0.4096	The Curse of Clophill Church	https://themorbidtourist.com/clophill-church-bedfordshire/	A local reverend believed he was cursed after repeatedly trying to rebury disturbed human remains at St Mary's Old Church.
51.55749	-0.78003	The Cursed Bisham Abbey	https://ukmythology.wordpress.com/the-cursed-bisham-abbey/	The last Abbot of Bisham Abbey, John Cordery, cursed the building as he was expelled by Henry VIII.
55.63195	-2.82304	The Curse of Buckholm Tower	https://drumlinwalks.co.uk/2024/08/19/spotlight-on-buckholm-tower/	James Pringle, Laird of Buckholm, was cursed by a covenanter's wife after he murdered her husband and son.
51.82506	-3.68407	The Curse of Craig-y-Nos	https://www.abergavennychronicle.com/news/the-welsh-castle-haunted-by-a-restless-soprano-732494	When Captain Rice Davies Powell built his grand country estate in Brecknockshire, unpaid debts sparked a devastating family curse. Over successive generations, the hex brought financial ruin, disease, and untimely deaths to all who inhabited the house.
51.45415	-2.60361	The Ghost of St. George's Bristol	https://www.stgeorgesbristol.co.uk/discover/a-haunting-experience-we-caught-up-with-our-resident-ghost-to-find-out-more/	St. George’s Bristol, a 200-year-old venue, is home to a resident ghost who enjoys ice music and has a penchant for celebrity encounters.
51.51027	-2.59905	The Goblin's Curse	https://www.penparkhole.org.uk/history/goblin/	When a fearless Bristol captain defies local warnings to explore a subterranean cavern, he and his companion are cursed by a malevolent goblin who foretells their deaths. Within a year, both men perish exactly as the apparition predicted.
52.02529	-2.35199	The Curse of Raggedstone Hill	https://britishhistories.com/f/238-the-raggedstone-hill-curse	A monk cursed Raggedstone Hill after being forced off the land by a local lord, leading to a series of unfortunate events for those associated with Birtsmorton Court.
53.29604	-3.83952	The Mermaid's Curse	https://www.dailypost.co.uk/news/north-wales-news/mermaids-curse-haunted-conwy-fishermen-14077410	A mermaid caught by fishermen in Conwy estuary curses the town as she dies, vowing it will suffer war, disease and disasters forever.
58.47801	-3.06808	The Curse of Lady Margaret Sinclair	https://www.aitken.online/curseothemyre	Following the devastating loss of Caithness clansmen at the Battle of Flodden, Lady Margaret Sinclair became bound by an enduring curse of eternal grief. Her unyielding sorrow transformed her into a spirit guard, haunting the castle ruins and mist-laden peatbogs of the far north.
52.08307	0.31083	The Witch's Crossroads Hex	https://www.hiddenea.com/cambsb.htm	A farmer who attempted to escape a local witch's hex by moving away found his departure thwarted when his moving van mysteriously broke down directly over her crossroads grave. Even in death, the witch's lingering power ensured no target of her wrath could easily flee.
52.56156	-4.14522	The Curse of the First Gull	https://welshcoastaltales.co.uk/folklore/seagull-curse-folk-tale/	After a giant's daughter defied orders and opened a secret well, unleashing a destructive flood, she was cursed and transformed into the very first seagull of Cardigan Bay.
51.86078	-4.29893	Merlin's Oak	https://www.atlasobscura.com/places/merlins-oak-carmarthen	A curse on Carmarthen town was linked to an oak tree that stood at the junction of Oak Lane and Priory Street.
53.23523	-2.67269	The Curse of Blackmere	https://www.deadlive.co.uk/blackmere-brereton-cheshires-haunted-lake-and-hallside-curse/	Blackmere, near Brereton Hall in Cheshire, is a lake shrouded in legends of curses and omens. The Brereton family's tragic history is intertwined with eerie apparitions seen at the mere.
56.11246	-3.78834	Alloa Tower's Curse	https://clackmannanshire.scot/index.php/history/myths-and-legends/alloa-towers-curse	The curse on the Erskine family at Alloa Tower predicts a series of misfortunes and eventual redemption, tied to historical events and the family's actions.
50.54701	-5.01718	Mother Ivey's Curse	https://roxieand.me.uk/mother-iveys-curse-a-cornish-legend-of-wrath-wrecks-witchcraft/	A wise woman curses a wealthy family for their greed, leading to a series of misfortunes.
54.64774	-2.73309	The Curse of Brougham Hall	https://esmeraldamac.wordpress.com/2011/07/18/mind-yer-head/	A skull at Brougham Hall caused disturbances whenever it was removed, leading to poltergeist-like phenomena until it was finally bricked up in a wall.
53.22053	-3.23021	The Screaming Skull	https://www.mythslegendsodditiesnorth-east-wales.co.uk/screaming-skull	The legend of Ffagnalt Hall involves a cursed skull that brings misfortune if removed from the house, with the earliest record dating back to 1861.
50.79654	-2.8543	The Screaming Skull of Bettiscombe Manor	https://theghostinmymachine.com/2022/06/27/encyclopaedia-of-the-impossible-screaming-skulls/	A human skull housed within an ancient manor is bound by a terrible curse dictating that if it is ever removed, the building will shake to its foundations and the perpetrator will die within the year.
55.06725	-3.61228	The Tyrant of Dumfriesshire and His Strange Pet	https://scottishtales.substack.com/p/the-tyrant-of-dumfriesshire-and-his	The notorious royalist laird Sir Robert Grierson of Lag spent his final years in Dumfries accompanied by a vicious, dressed-up monkey named after the warlock Major Weir, fueling local legends that the creature was his demonic familiar.
54.98939	-3.26387	The Saint's Vengeance on Annan Castle	https://brucetrust.co.uk/places-and-events/	After a nobleman broke his solemn promise to spare a condemned prisoner, an outraged Irish saint placed a devastating curse upon the household. This hex caused a catastrophic flood to destroy their ancestral stronghold and compelled future descendants to seek out his tomb to lift the burden.
55.99332	-4.41604	The Devil's Lash at Auchineden Hill	https://walkingenglishman.com/outandabout/scotland/69whangie.html	The bizarre and dramatic rock cleft known as The Whangie was carved into the hillside when the Devil angrily flicked his tail while flying overhead.
54.88302	-1.48058	The Curse of the Lambton Worm	https://www.historic-uk.com/CultureUK/Lambton-Worm-Sir-John-Lambton/	After skipping church to fish in the River Wear, a rebellious young heir catches a monstrous creature and throws it down a well, inadvertently unleashing a beast that terrorizes the countryside and dooms nine generations of his family to violent, restless deaths.
56.06073	-2.71772	The Witches' Storm Curse of North Berwick	https://www.scotsman.com/whats-on/arts-and-entertainment/north-berwick-and-the-brew-of-tortured-witches-2469075	In 1590, a coven of alleged witches gathered at a local church in East Lothian to conjure a deadly storm to drown King James VI, sparking one of Scotland's most notorious witch panics.
54.05351	-0.31668	The Screaming Skull of Burton Agnes Hall	https://fabulousfolklore.substack.com/p/the-screaming-skulls-guardian-spirits	When a young woman's dying wish to have her skull kept in her newly built family manor was ignored, a violent curse of supernatural disturbances plagued the house until her remains were brought inside.
50.84771	-0.20494	The Cursed Dovecote of Hangleton Manor	https://www.sussexlive.co.uk/news/history/places-people-cursed-sussex-stories-4649452	A disgruntled monk placed a curse on the 17th-century dovecote of Hangleton Manor due to the mess left by the birds, leaving the structure supposedly haunted by ghost pigeons ever since.
51.79023	0.79261	The Cursed Beam of Barn Hall	https://albionssacredheritage.blogspot.com/2014/05/the-devil-in-essex.html	When a squire attempted to build Barn Hall in a woodland claimed by Satan, the Devil threw a heavy timber across the site and cursed it, vowing that anyone entering the cellar would suffer a severe wound. The legend is tied to a local parish church featuring a mysterious stone effigy of a knight clutching his heart.
54.23983	-7.73812	The Cursed Stone of Florencecourt	https://www.travelextra.ie/haunted-places-in-irelands-county-fermanagh/	An ancient standing stone in Florencecourt is bound by a powerful curse that brings ongoing misfortune to anyone who dares to touch or move it.
56.19676	-2.81461	The Curse of Balclevie	https://hauntedpalaceblog.com/2024/01/27/lady-janet-anstruther-jenny-fall-siren-of-land-and-sea/	Angered by the destruction of her village to improve the estate's view, a local woman cursed the Anstruther family to hold Elie House for only six generations. True to the prophecy, the family's fortunes eventually waned and they were forced to sell the estate.
-18.51067	177.60478	The Curse of the Sacred Red Prawns	https://www.polynesia.com/blog/red-prawns-of-vatulele	A scorned chief's daughter caused a rejected suitor and his delicacy of red prawns to be cast into a pool on the island of Vatulele, establishing a strict taboo. Anyone who dares to touch or remove the sacred red prawns from their pool is cursed with a disastrous shipwreck.
53.22094	-3.22441	The Vengeance of the Skull	https://www.mythslegendsodditiesnorth-east-wales.co.uk/screaming-skull	A cursed skull housed in a historic Flintshire hall must remain in its honoured place or else unleash restless torment and disaster upon the household. When a maid ignorantly casts the skull into a horsepond, immediate ghostly terror ensues until the relic is safely retrieved.
6.69639	-1.62898	The Immovable Sword of Okomfo Anokye	https://www.atlasobscura.com/places/sword-of-okomfo-anokye	The legendary priest Okomfo Anokye drove a mystical sword into the earth over three centuries ago, placing a binding decree upon the land that the entire Ashanti nation would collapse if the weapon were ever successfully pulled out. Despite countless efforts by monarchs, international dignitaries, and legendary athletes, the blade remains completely unmovable to this day.
51.61885	-3.94354	The Curse of the Swansea Devil	https://en.wikipedia.org/wiki/Swansea_Devil	An embittered architect placed a grinning wooden carving of Satan on his newly built office building directly opposite a rival's church, prophesying that his devil would remain laughing when the holy building was eventually destroyed. Decades later, during the Second World War, the church was burned down in a bombing raid while the devil's building stood completely unscathed.
51.7326	-2.18398	The Blacksmith's Curse at Nether Lypiatt Manor	https://www.greatbritishlife.co.uk/magazines/cotswold/22571693.folklore-walk-nether-lypiatt/	A desperate blacksmith condemned for sheep-stealing was promised his freedom if he forged flawless gates for Judge Coxe, but upon realizing betrayal was inevitable, he introduced a deliberate flaw and cursed the household with misfortune with his dying breath. The spectral blacksmith and the lingering curse are said to haunt the estate and afflict those who inherit it.
51.59426	-0.13085	The Curse of Muswell Hill's People's Palace	https://www.mylondon.news/news/nostalgia/full-story-curse-ally-pally-20835507	Alexandra Palace has long been plagued by a persistent curse resulting in catastrophic fires, financial ruin, and ongoing misfortune. According to local folklore, a witch placed a hex on the site and an ancient folk saying dictated that nothing built atop the hill could ever flourish.
53.51582	-2.36692	The Screaming Skull of Wardley Hall	https://www.manchestereveningnews.co.uk/news/greater-manchester-news/eight-greater-manchester-urban-myths-25356476	A centuries-old skull housed within a medieval manor brings fierce, destructive storms and supernatural torment if ever it is removed or buried elsewhere. Generations of occupants learned that the relic refuses to stay away from the hall.
6.60976	-57.83317	The Guardian of the Divided Road	https://www.stabroeknews.com/2016/03/13/features/silk-cotton-tree/	Fearing a lingering curse and the release of trapped spirits, road builders chose to split a Guyana highway into two lanes rather than cut down an ancient silk cotton tree. Locals believe the tree acts as a prison for malevolent entities, ensuring that severe misfortune or illness befalls anyone who dares to harm or disturb it.
51.07139	-1.18147	The Terror of Tichborne	https://freakyfolktales.wordpress.com/the-terror-of-tichborne-a-generational-curse/	Lady Mabella on her deathbed forced a cruel husband to grant land for a yearly charity, placing a generational curse on the family and house if the tradition was ever broken. Centuries later, after the handout was suspended due to rowdy crowds, the family suffered the exact prophetic signifiers of the curse—including seven sons followed by seven daughters—until the dole was hastily revived.
52.02527	-2.35203	The Curse of Ragged Stone Hill	https://britishhistories.com/f/238-the-raggedstone-hill-curse	An embittered monk cast a lasting curse upon Ragged Stone Hill, dooming anyone touched by its shadow to an untimely end. Over the generations, this dread fate became linked to the male heirs of a nearby manor and high-profile figures connected to the estate.
51.95722	0.0849	The Clever Defiance of Piers Shonks	https://www.hertsmemories.org.uk/content/herts-history/towns-and-villages/brent_pelham/piers-shonks-hertfordshire-dragon-slayer	After outsmarting the Devil's curse through a loophole regarding his final resting place, the legendary dragon-slayer continued to police his parish from beyond the grave, ensuring local thieves were terrified into honesty.
46.22534	18.322	The Cursed Maiden of Máré Castle	https://www.marevar.hu/hu/	A faithless wife's dying curse dooms her daughter to haunt a medieval fortress in the shape of a monster every 77 years until an impossible trial is completed.
26.87006	70.78624	The Deserted Village of Kuldhara	https://en.wikipedia.org/wiki/Kuldhara	Faced with the tyrannical demands of a local minister, the Paliwal Brahmins abandoned their prosperous settlement overnight, laying a powerful curse that no one would ever be able to successfully resettle or inhabit the land again.
50.68044	-1.20064	The Phantom Manor of Knighton Gorges	https://www.islandecho.co.uk/the-history-and-hauntings-of-knighton-gorges-the-isle-of-wights-most-cursed-spot/	A magnificent stately home dogged by an ancient crime and persistent tragedy was pulled down by its owner to break a dark curse, yet the phantom house still materialises every New Year's Eve to the sound of spectral music and midnight carriage wheels.
18.51638	-77.81923	The White Witch of Rose Hall	https://www.caribbeanandco.com/historic-sites-in-jamaica/	A cruel mistress places a malicious curse upon the family of a rebellious slave, prompting her ultimate downfall and leaving her spirit bound to the grounds.
-0.36801	34.62986	The Curse of Simbi Nyaima	https://vocal.media/history/the-curse-of-simbi-nyaima	A wealthy village in Kenya was struck by a catastrophic curse after its residents cruelly turned away a mysterious old woman seeking shelter, causing the entire settlement to be swallowed overnight into a new lake. Only a single kind-hearted woman and her children escaped the deluge by heeding the stranger's warning to flee to the hills.
57.27701	-2.44557	The Stolen Hearth-Stone of Auchquhorthies	https://northernearth.co.uk/1683-2/	A poor man who took a stone from the ancient circle at Auchquhorthies to use as his fireplace hearth found himself nightly tormented by a terrible noise and din until he carried the stone back.
55.03689	-4.08362	The Cow Clout Stone	https://www.thenorthernantiquarian.org/2025/05/27/cow-clout-stone/	A flat stone on the farm of Arvie preserves the miraculous impressions of a kneeling man's prayer, a horse's hoof, and a cow's foot as a lasting memorial against a ruthless landlord's seizure of distressed livestock.
19.89209	102.13566	The Curse of Sri Khottabong	https://revues.mshparisnord.fr/chcp/index.php?id=876&lang=en	A powerful mythical hero cursed the kingdom of Vientiane after being betrayed and murdered in a palace latrine, dooming the realm to perpetual decline.
56.5024	27.33423	The Sleeping Princess of Rēzekne Castle	https://atklajlatviju.wordpress.com/2018/04/10/rezeknes-pilskalns-un-legenda-par-rozi/	Princess Rozālija sits in a deep enchanted slumber upon her chest of gold deep beneath the castle ruins, awaiting a brave youth every nine years to break her ancient curse. Because none have yet succeeded, she remains bound to the underground vault until the cycle can finally be undone.
34.11979	35.64507	The Curse of King Ahiram's Sarcophagus	https://www.ancient-origins.net/artifacts-ancient-writings/inscribed-curse-sarcophagus-king-ahiram-displays-earliest-use-phoenician-021110	An ancient Phoenician king left a dire curse carved upon his royal tomb to punish any ruler who dared to disturb his resting place by stripping away their judicial scepter and overturning their throne. The curse also forewarned that peace would flee from the city of Byblos if the sanctuary was ever uncovered.
52.47859	-0.92008	The Cursed Shoes of Papillon Hall	http://strangeco.blogspot.com/2019/11/the-legends-of-papillon-hall.html	A Spanish mistress of a former 18th-century owner placed a dying curse on her silver and green slippers, ensuring that severe misfortune and paranormal disturbances would plague anyone who dared remove them from the hall. Every time the footwear was taken away, subsequent owners or caretakers suffered fatal accidents, fires, and hauntings until the shoes were promptly returned.
47.25293	9.54014	The Sunken Bath of Schellenberg	https://www.sagen.at/texte/sagen/liechtenstein/seger/bad.html	An arrogant innkeeper refuses to observe the start of Lent with proper penance and instead mocks the sacred season, bringing a devastating cataclysm upon his spa house and all who remained inside.
54.96013	-6.72181	The Bloodsucking Chieftain of Slaghtaverty	https://www.ancient-origins.net/myths-legends-europe/was-dracula-story-inspired-abhartach-bloodsucking-chieftain-ireland-002992	A tyrannical 5th-century warlord terrorized his subjects with bloodlust, returning repeatedly from the grave after execution until vanquished by magical means. Buried upside down beneath a heavy stone cairn, his resting place remains marked to this day.
52.92361	-4.02887	Bedd Dorti	https://folklorefinder.uk/legends/bedd-dorti-the-witch-s-grave	A 17th-century woman executed for witchcraft was buried beneath a cairn on a mountain pass, where a lingering curse dictates that anyone passing without adding a stone will die within a year.
53.40278	-2.97263	The Upright Gambler of Rodney Street	https://theguideliverpool.com/the-legend-of-william-mackenzies-tomb-on-rodney-street/	An eccentric wealthy contractor allegedly made a fatal pact with the devil and arranged to be buried sitting upright in a pyramid tomb to prevent Satan from ever claiming his soul.
52.56113	-3.14688	The Barren Earth of the Wronged Man	https://www.midwalesmyway.com/robbersgrave	Condemned for a crime he swore he did not commit, a hanged man cursed his grave so that no grass would grow upon it for a century. True to his dying words, the patch remained stubbornly bare for generations, defying every attempt to cultivate it.
57.62959	-3.71393	The Doom of the Granary of Culbin	https://www.northwordproject.com/stories/6527db58-23e2-4fa9-aa40-080b57618208	Reckless wickedness and the desecration of the Sabbath by the laird of Culbin brought down a devastating curse of shifting sand that buried a fertile Moray barony. Tenants who stubbornly refused to abandon their homes were ultimately swallowed alive as the creeping dunes overtook them.
57.52406	-3.92653	The Prophetic Donkey and the Holy Tree of Cawdor	https://www.cawdorcastle.com/cawdor-castle/castle-history/	Guided by a dream, the Thane of Cawdor loaded a chest of gold onto a donkey and vowed that his family's fortress would stand forever wherever the animal chose to rest. The donkey laid down beneath a sacred tree, ensuring prosperity and survival for generations as long as the foundation remained anchored to it.
52.55288	1.46153	The Curse of Langley Cross	https://www.hiddenea.com/norfolkl.htm	A cursed stone cross brought disaster to a noble estate when it was moved from its original site near the abbey. True to the prophecy, Langley Hall was struck by fire shortly after the relocation.
54.05883	-0.87996	The Curse of Kirkham	https://housekaboodle.com/howsham-hall-north-yorkshire-for-sale-my-lord-and-my-lady/	Originating from the desecration of a dissolved monastery used to build a new manor, the Curse of Kirkham dooms generations of the estate's owners to tragedy and extinction of their male heirs. True happiness and lasting lineage are withheld from anyone who profits from the sacred ruins.
52.28363	-0.88021	The Fatal Kiss of Boughton Green	https://beyondthelychgate.wordpress.com/tag/northamptonshire-folklore/	An unmarried person who accepts a kiss from a phantom stranger outside a ruined church on Christmas Eve is doomed to die precisely one month later. When a young farmer ignored the warning and accepted a rendezvous, he perished on the exact day predicted.
55.41475	-1.70855	The Curse of the Dirty Bottles	https://fabulousnorth.com/blog/the-dirty-bottles-of-alnwick/	An innkeeper and a later workman both died suddenly after attempting to move a collection of bottles left in a pub window, cementing a local legend that touching them invokes a fatal curse. Out of fear, the bottles have remained completely untouched and in place for centuries.
53.10627	-1.15192	The Curse of Friar Tuck's Well	https://insearchofholywellsandhealingsprings.wordpress.com/2013/01/19/perhaps-not-so-jolly-old-well-friar-tucks-well-at-blidworth/	When the legendary Friar Tuck was driven from his woodland cell by a rival, he placed a lingering curse upon the local springs that causes them to run completely dry for seven-year intervals.
59.08058	-3.02719	The Spitting Witch and the Curses of Rendall	https://brodgar.co.uk/2023/01/28/the-story-of-jonet-rendall-burnt-as-a-witch-in-1629/	An elderly Orkney woman accused of witchcraft inflicts madness upon a doubting farmer and a laird's horse before facing her execution with a final prophetic promise.
51.7998	-1.53088	The Sealed Doom of Lord Lovell	https://www.darkoxfordshire.co.uk/explore/the-ghost-of-lord-lovell/	Following the defeat of the Yorkists, Lord Lovell retreated into a secret hiding place at his family hall where he was locked away by a faithful servant who subsequently died, leaving him to starve. Decades later, his skeleton was discovered seated at a table alongside his dog, both turning instantly to dust upon exposure to the fresh air.
55.59664	-3.37568	The Prophecy of Merlin's Grave	https://en.wikipedia.org/wiki/Drumelzier	An ancient conditional prophecy foretold that Scotland and England would not be united under one monarch until the River Tweed and the Powsail Burn met at Merlin's grave. This long-delayed union condition was miraculously fulfilled centuries later on the exact day King James VI and I was crowned.
51.84917	-5.07904	The Curse of Roch Castle	https://www.pembrokeshirecoast.wales/about-the-national-park/culture-and-heritage/land-of-legends/roch-castle/	A local witch cursed the Norman knight Adam de la Roche to die from an adder bite within a year, a prophecy that ultimately came true on the very final day of the curse when a hibernating snake was inadvertently brought into his secure tower room.
56.73576	-3.46886	The Curse of the Hanged Tinker	https://www.1066.co.nz/Mosaic%20DVD/whoswho/text/Ashintully_Castle.htm	A condemned tinker pronounced a devastating prophecy against the Spalding Barons of Ashintully Castle, warning that their family line would soon come to a permanent end. True to his dying words, the curse was fulfilled shortly afterward when the bloodline failed.
52.21501	-3.41437	The Devil in a Snuffbox	https://www.brecon-radnor.co.uk/news/devil-in-a-snuffbox-radnorshire-ghost-tale-hits-the-stage-in-builth-wells-next-year-817541	The mischievous ghost of a dishonest tanner terrorized local riders until a clever vicar exorcised the spirit, shrank it into a bluebottle, and trapped it inside a sealed snuffbox buried beneath a bog.
57.66038	-4.32206	The Lady of Balconie	https://electricscotland.com/history/cromarty/chapter11.htm	The wicked lady of Balconie Castle was condemned by a chained subterranean curse to an iron chair in a dark ravine for a period of ten years. Her disappearance and eventual doom are tied to the deep geological chasm of the Auldgrande river.
55.26757	-2.76089	The Ecological Curse of Lord Soulis	https://en.wikipedia.org/wiki/Ninestane_Rig	Following the gruesome execution of the wicked sorcerer Lord Soulis on a desolate border ridge, a lasting blight fell upon the landscape, ensuring that certain plants would never grow where his cauldron boiled. This environmental curse remains eternally bound to the site of his punishment.
60.60759	-1.10891	The Trow of Windhouse	https://www.tobarandualchais.co.uk/track/31660	An annual supernatural visitation struck a remote Shetland estate every Christmas Eve, claiming the life of a family member each Christmas morning until a shipwrecked sailor stayed behind to break the deadly cycle.
52.80417	-2.65222	The Puritan's Curse of Moreton Corbet	http://news.bbc.co.uk/local/shropshire/hi/people_and_places/history/newsid_8329000/8329563.stm	A banished religious zealot placed a vengeful curse upon a powerful family and their grand Elizabethan manor, decreeing that neither the lord nor his descendants would ever inhabit the uncompleted halls. True to his words, the terrified family fled the estate, leaving it to fall into permanent ruin and desolation.
51.18555	-2.6066	The Dragon's Retribution of Dinder	https://voicemap.me/tour/wells-somerset/cloisters-cathedrals-and-cheese-walk-wells-england-s-second-smallest-city/sites/bishop-jocelin-and-the-dragon-2	When Bishop Jocelin slew a terrorizing dragon in the 13th century, the dying beast cursed the Somerset village of Dinder to face its wrath every fifty years unless the defeat was perpetually remembered. To keep the curse at bay, villagers established a tradition of reenacting the slaying every half-century.
53.49027	-1.21775	The Curse of the Mexborough Ragger	https://www.thecrags.net/the-undead/	Following the tragic death of a young rag-collector in a South Yorkshire railway tunnel, her grieving grandmother placed a vengeful curse upon anyone who invokes her name. Anyone foolish enough to summon her phantom faces the wrath of this dark spell.
52.98654	-1.90238	The Chained Oak	https://www.bbc.co.uk/stoke/content/articles/2008/07/28/chained_oak_feature.shtml	An old beggar curses the Earl of Shrewsbury by declaring that a member of his family will die for every branch that falls from a specific oak tree. To prevent further deaths, the Earl orders the tree's branches to be bound in heavy iron chains.
56.12107	-3.94406	The Doom of Mar	https://ornaverum.org/family/erskine/doom-of-mar.html	After John Erskine dismantled Cambuskenneth Abbey to build his grand Stirling mansion, an enraged abbot placed a multi-generational curse on his family, foretelling blindness, ruin, and the extinction of their line. True to the prophecy, subsequent generations suffered blinded children and tragic political downfall before the bloodline finally died out.
51.16597	-0.79723	The Cursed Borrowed Cauldron of Frensham	https://www.davidcastleton.net/cauldron-frensham-church-mother-ludlams-cave/	A borrower fails to return a cauldron borrowed from the local fairies on a Surrey hill, earning a curse that makes the animated utensil chase him relentlessly until he collapses in a village church.
58.15209	-4.97653	MacLeod's Tears	https://anthonyadolph.co.uk/macleods-of-assynt/	An elegantly dressed gentleman who was secretly the Devil promised to restore the ruined fortune of Ardvreck Castle in exchange for the hand of the MacLeod chief's daughter in marriage, leading to a fateful wedding celebration and her everlasting grief. Whenever a thunderstorm rolls over the loch, her ghostly white figure is seen weeping by the stony beach and the MacLeod burial vault drips with perpetual tears, a drop of which brings death to anyone it strikes.
58.07691	12.4972	The Century-Burn Curse of Gräfsnäs Castle	https://www.castlesofsweden.com/visit/grafsnas-slottsruin	A mistreated servant reportedly cursed a newly built Swedish noble estate to burn down three times at exact century-long intervals. True to the prophecy, devastating fires consumed the castle in 1634, 1734, and 1834.
10.69262	-61.2257	The Curse of the Caura Water Dam	https://www.fairytalekindagirl.com/trini/2017/4/27/every-monday-is-caura	When the village and church of Caura were forcibly demolished to build a major water reservoir, a displaced Catholic priest placed a curse upon the project. Consequently, the dam project collapsed amidst scandal and corruption, leaving the valley transformed into a recreational river site.
36.85493	10.3339	The Carthaginian Curse	https://carthagemagazine.com/tunisian-myths-uncovered/	Following the destruction of ancient Carthage by the Roman Republic, Queen Dido's spirit cast a powerful curse over the land, declaring that no city would ever truly prosper upon its ruins. To this day, many believe this ancient hex explains why the historic site remains largely undeveloped and hindered from lasting prosperity.
0.38533	32.12788	The Curse of Death	https://mythlok.com/curses/warumbe-and-the-origin-of-mortality/	When the celestial spirit Walumbe followed his sister down to Earth in disobedience of divine law, he established an eternal curse that brought mortality and disease to humanity. Pursued by a divine hero, Walumbe escaped underground by burrowing into the earth, creating mysterious pits that remain linked to death ever since.
50.0625	33.70556	The Curse of the Muravyov-Apostol Family	https://discover.if.ua/en/en/inspiration/zanedbani-palaci-ukraini-j-legendi-aki-dosi-zivut-u-ihnih-stinah	Following a forbidden marriage against parental consent, a generational curse was cast upon a noble Ukrainian family, dooming its male descendants to early deaths. The tragic legend continues to shroud their ancestral estate in Khomutets in mystery and misfortune.
25.74017	55.94568	The Curse of Al Qasimi Palace	https://carscombined.com/blog/en/uae/mystical-places-in-the-united-arab-emirates	After royal artisans were cheated out of their wages, they cast a vengeful black magic curse on a multi-million-dollar desert mansion, driving out its owners and trapping the palace in eternal silence. Ever since, the abandoned halls have echoed with chilling screams and phantom children peering from the windows.
33.4339	-111.37125	The Curse of the Lost Dutchman's Mine	https://www.legendsofamerica.com/az-lostdutchman/	Generations of prospectors and explorers seeking a legendary hidden gold mine in the rugged desert mountains have met with mysterious deaths and disappearances, cementing a belief in an ancient curse.
34.12	-118.3	The Curse of Griffith Park	https://www.kcrw.com/shows/greater-la/stories/griffith-park-curse?srsltid=AfmBOoqDJ3fF-vFdQukuW_FgI_GsZvMILLnLwgu8rDEEQvfuHxgTI9fH	Cheated out of her rightful inheritance by political deceit, a grief-stricken young woman cursed her family's ranch to bring endless ruin, blight, and ghostly terror to all future owners.
40.0307	-105.21165	Niwot's Curse	https://en.wikipedia.org/wiki/Curse_of_the_Boulder_Valley	When gold prospectors encroached upon the Boulder Valley in 1858, Arapaho leader Chief Niwot prophesied that everyone captivated by the region's beauty would ultimately destroy it by staying. Despite initial threats and tensions, a shaman's dream of an overwhelming flood convinced the chief to pursue a path of peaceful coexistence.
41.1914	-73.05485	The Hex of Charles Island	https://earlybirdonthetrail.com/haunted-hikes-in-connecticut/	Following the kidnapping of a tribal chief's daughter, an ancient hex was placed upon Charles Island dictating that any shelter built there would inevitably crumble. True to the curse, over the centuries every structure erected on the island has met with ruin alongside a succession of tragedies and untimely deaths.
32.82694	-81.62438	Lorenzo Dow's Curse	https://www.themoonlitroad.com/lorenzo-dows-georgia-curse/	When a rowdy frontier town in Georgia violently rejected an eccentric traveling preacher, he placed a devastating curse upon the settlement that caused it to wither away. While fires, storms, and economic ruin eventually erased the town from the map, the home of the one resident who showed him kindness was miraculously spared.
19.40659	-155.28537	Pele's Curse	https://en.wikipedia.org/wiki/Pele%27s_Curse	Visitors who remove volcanic rocks or sand from the Hawaiian Islands are believed to be plagued by persistent bad luck, accidents, and financial ruin until the items are returned to their origin. Countless tourists mail pilfered stones back to park staff each year in an attempt to lift the curse.
43.49043	-112.03818	The Cursed Egyptian Statuettes of Idaho Falls	https://museumofidaho.org/our-cursed-artifacts/	Two ancient Egyptian bronze statuettes housed at a museum brought decades of financial ruin, accidents, and persistent bad luck to everyone who possessed them. Even after arriving in Idaho, the relics continued to disrupt lives, notably causing a visitor's nearly finalized home loan to suddenly collapse.
42.17444	-88.90894	The Curse of Blood's Point	https://www.dangerousroads.org/north-america/usa/4919-top-10-most-haunted-bridges-in-illinois.html	Arthur Blood, the first white settler of Flora Township, is believed to have brought a persistent curse to the rural road, bridges, and cemetery bearing his name. This dark legacy manifests through phantom vehicles, glowing-eyed hounds, and ghostly apparitions.
30.09313	-90.43278	The Curse of Julia Brown and the Vanishing of Frenier	https://myfamilytravels.com/the-louisiana-village-locals-say-a-voodoo-curse-dragged-into-the-swamp/	Before passing away, a local healer named Julia Brown placed a fatal curse on her village out of resentment for feeling unappreciated. Shortly after her funeral, a devastating 1915 hurricane struck, wiping the settlement of Frenier entirely off the map.
44.57104	-68.78465	The Cursed Monument of Colonel Buck	https://www.atlasobscura.com/places/cursed-memorial-colonel-buck	Following her execution by the town's founder, a condemned woman cursed him to forever bear the mark of her death. Decades later, a boot-shaped stain mysteriously appeared and stubbornly persisted on his granite memorial.
38.28833	-76.63415	The Curse of Moll Dyer	https://en.wikipedia.org/wiki/Moll_Dyer	Accused of witchcraft and driven into a harsh winter storm by fearful townspeople, a colonial woman cursed Leonardtown before freezing to death against a boulder. Her dying malediction left a lasting legacy of misfortune, blighted crops, and supernatural dread upon the area.
42.02827	-70.73203	The Curse of the Tree of Knowledge	https://historicaldigression.com/2015/07/10/curse-of-the-tree-of-knowledge-duxbury/	Local folklore dictates that the town of Duxbury will be cursed if a historic crossroads marker commemorating the colonial "Tree of Knowledge" is ever removed or forgotten. After a lightning strike destroyed the ancient oak tree where mail was once left, its spirit appeared in a dream demanding that the exact spot be permanently marked.
42.52591	-84.31725	The Curse of Seven Gables Road	https://mysteriousmichigan.com/the-legends-of-seven-gables-road	An aggrieved witch cursed a rural Michigan road and its property, paving the way for a horrific family massacre and deadly supernatural encounters for anyone who trespasses past its rusted gate.
32.85064	-90.40125	The Witch of Yazoo	https://www.onlyinyourstate.com/experiences/mississippi/witch-of-yazoo-legend-ms	A notorious witch who tortured fishermen swore a dying curse that she would return in twenty years to burn Yazoo City to the ground. Exactly twenty years after her burial in Glenwood Cemetery, a massive fire devastated the town and left her grave's iron chain broken.
38.59319	-90.21577	The Curse of the Lemp Mansion	https://medium.com/the-mystery-box/the-curse-of-lemp-mansion-e439d5b9db	Following the sudden death of a favored heir and the collapse of their brewing empire, the wealthy Lemp family of St. Louis suffered decades of tragic suicides and mysterious misfortunes within their historic home.
47.90681	-114.10683	The Flathead Lake Witch's Curse	https://intrigue.ink/blogs/locals-only/witch-lore-in-montana	A reclusive woman accused of witchcraft in the 1800s placed a dark curse on the region surrounding her secluded cabin near Flathead Lake before vanishing. Local folklore holds that her malevolent magic lingers, causing unexplained accidents, fires, and mysterious fogs over the water.
40.05355	-119.56803	The Curse of the Angry Mermaid	http://www.creativeexiles.com/2017/04/pyramid-lake-mysteries-legends-hauntings/	An enraged mermaid places an ancient curse on a tribe after being unjustly banished from their village. The hex brings generations of conflict, violent storms, and unending misfortune to the region.
43.95323	-71.27271	The Curse of Mount Chocorua	https://www.chocorualake.org/news/the-legend-of-chief-chocorua	After his young son tragically died due to a settler's poison, Native American chief Chocorua cast a devastating dying curse from a mountain summit upon the white settlers and their land. Ever since, the mountain's upper slopes have remained barren and cursed, bringing ruin to crops, livestock, and homes in the region.
40.63016	-74.58321	The Devil's Tree	https://en.wikipedia.org/wiki/The_Devil%27s_Tree	A solitary oak tree in Bernards Township is said to carry a dark curse that brings swift misfortune upon anyone who damages, disrespects, or defaces it. Visitors also report supernatural anomalies, including abnormal warmth in winter and a phantom pickup truck that guards the grounds.
40.77963	-73.9654	The Curse of Cleopatra's Needle in Central Park	https://www.davidcastleton.net/cleopatras-needle-london-new-york-city-central-park-obelisk-cursed-haunted-ancient-egypt/	An ancient Egyptian obelisk transported to New York City carries a baleful reputation, with rumors of dark occult energies, mysterious alignments, and misfortune tied to its removal from its native soil.
46.98868	-103.48767	The Cursed Rock Faces of Wind Canyon	https://www.beautifulbadlandsnd.com/rock-faces-in-the-badlands/	After a trapper and his family refused to abandon their home in the Dakota Badlands, an indigenous shaman cursed them to remain there forever. Consequently, their likenesses were etched into the rocky bluffs overlooking the Little Missouri River for eternity.
39.80391	-76.64805	The Hex of Rehmeyer's Hollow	https://www.atlasobscura.com/places/rehmeyers-hollow	Convinced he had been cursed by a rival Pennsylvania Dutch healer, a troubled practitioner hunted down the purported sorcerer at his isolated farmhouse to lift the hex, resulting in a brutal murder that cemented local folklore. The historic farmhouse remains standing as a tangible relic of Pennsylvania's dark occult history.
41.90035	-71.56617	The Curse of the Witch Tree	https://ournewenglandlegends.com/podcast-159-the-witch-tree/	A rural Rhode Island crossroads is said to be cursed by a suspected witch buried beneath an ancient oak tree, bringing misfortune and strange occurrences to those who pass. Drivers who circle the intersection multiple times are believed to summon the restless spirit.
33.07978	-79.91705	The Curse of the Robintation Tree	https://www.randomconnections.com/plantation-ruins-and-a-cursed-tree/	A protective curse guarded a historic South Carolina plantation house as long as a landmark live oak remained untouched. Meanwhile, a shape-shifting specter haunted the roadway adjacent to the tree.
44.70986	-72.38941	The Curse of the Hayden Family	https://ancestralfindings.com/american-folklore-vermont/	A dying woman's curse predicted that the Hayden name would perish in poverty by the third generation, a fate apparently fulfilled when the family's once-grand brick mansion in Vermont fell into total financial ruin and abandonment.
36.97065	-82.5606	The Curse of the Coffin	https://blueridgetales.com/the-curse-of-the-coffin/	An old poor farm coffin retrieved as a theater prop is believed to be cursed, bringing cold chills, autonomous movement, and sightings of an elderly gentleman wandering backstage. Contacting the artifact is said to afflict individuals with bodily harm.
38.83931	-82.14076	The Cornstalk Curse	https://www.americanhauntingsink.com/cornstalk	Following his treacherous murder by American soldiers at a frontier fort, the Shawnee leader Chief Cornstalk placed a two-century curse upon the surrounding land, dooming it to repeated tragedy and disaster. Over the following generations, the blighted region suffered numerous catastrophic events, including historic mining disasters, structural collapses, and severe storms.
44.45932	-87.51456	The Accursed Gravestone of Martha Jane Coplan	https://blog.uwgb.edu/quill/2026/02/17/the-quill-9-wacky-wisconsin-1/	An 1861 gravestone bearing a stern warning against desecration inspired local folklore claiming that a buried woman was a witch whose curse brings physical harm to anyone who disturbs her tomb. Visitors report that those who vandalize or disrespect the gravesite suffer immediate misfortune, such as broken limbs.
52.27972	-1.58414	The Vengeful Hound of Warwick Castle	https://www.ourwarwickshire.org.uk/content/article/the-folklore-of-warwick-castle	An elderly woman placed a curse upon Warwick Castle after her trading privileges were revoked, transforming into a ferocious black dog that haunted the grounds until exorcised into a subterranean river chamber.
56.00078	-3.3513	The Phantom Hound of Hound Point	https://ramblingscot.com/walks/south-queensferry-and-the-dalmeny-estate/	Following the disappearance of a crusader lord in the Holy Land, his faithful dog's haunting howls and spectral companion portend a curse of doom for any future lords of Barnbougle.
52.73758	-2.23926	The Sinking Stone of Little Onn Hall	https://lichfieldlore.co.uk/2021/12/05/the-curse-of-crakemarsh-hall/	A sinister stone at the edge of Little Onn Hall acted as a delayed portent of doom for the Cavendish family, sinking into the soil to predict impending tragedy before a fateful voyage on the Titanic.
50.98773	-0.732	The Curse of Cowdray	https://sussexexclusive.com/cowdray-heritage-ruins/	Following the seizure of monastic properties during the Reformation, a displaced monk laid a generational curse of fire and water upon the family line and estate. Centuries later, the prophecy was seemingly fulfilled when the grand ancestral mansion burned down and the final viscount drowned.
53.84558	-1.81622	The Curse of Milner Field	https://www.yorkshirepost.co.uk/whats-on/arts-and-entertainment/the-tragic-tale-of-the-cursed-yorkshire-mansion-that-brought-death-and-scandal-to-its-owners-1757903	A lavish Victorian mansion near Bingley gained a notorious reputation as a cursed estate after a succession of its owners and their family members suffered sudden tragedies, scandals, and premature deaths. Within decades, the unmarketable grand house was entirely abandoned and ultimately demolished.
54.83492	-4.87968	The Phantom Bell of Kirkmaiden	https://darkgalloway.wordpress.com/2023/07/18/the-curse-of-mcculloch/	When the bell and pulpit of the old Kirkmaiden church were unlawfully removed and transported across the bay, a sudden storm sank the ship. Ever since, the sunken bell tolling from the watery depths serves as a delayed and fatal omen predicting the death of a McCulloch.
51.03411	-1.78534	The Curse of the Locked Church Door	https://www.bbc.co.uk/wiltshire/content/articles/2006/09/22/curse_feature.shtml	Local folklore dictates that anyone who locks the door of Odstock church will face a sudden and untimely death, a curse placed after authorities imprisoned and executed an innocent gypsy man and barred access to his grave. For nearly two hundred years the church door remained unlocked to avoid the fatal penalty.
17.34027	52.4439	The Curse of the Well of Barhout	https://vocal.media/history/the-mystery-of-the-well-of-barhout-yemen-s-gate-to-the-underworld	Formed as a supernatural prison for jinn and evil spirits, a massive sinkhole in the eastern desert of Yemen is regarded as a cursed abyss that brings misfortune and disaster to anyone who approaches its edge.
-16.522	28.76152	The Curse of Kariba Dam	https://www.bbc.co.uk/nottingham/features/2004/04/our_man_in_zambia_09.shtml	When the construction of the Kariba Dam forcibly displaced local Tonga people and threatened their sacred river god, a devastating curse brought unprecedented floods and destruction to the project. The wrath of Nyaminyami manifested in catastrophic floods, worker deaths, and lingering threats to the dam's structure.
-18.29556	32.84193	The Curse of Mount Nyangani	https://zambianobserver.com/the-curse-of-nyangani-mountain-inside-zimbabwes-most-haunting-mysteries/	Mount Nyangani is bound by a powerful curse that causes hikers and visitors who break traditional taboos to vanish without a trace into sudden, disorienting mists. Among its most famous victims were two daughters of a government minister who disappeared in 1981 despite massive multi-week searches.
25	-71	The Bermuda Triangle	https://en.wikipedia.org/wiki/Bermuda_Triangle	The Bermuda Triangle, a region in the western part of the North Atlantic Ocean, is reputed to be cursed due to numerous reports of ships and aircraft mysteriously disappearing without a trace, often attributed to supernatural forces, extraterrestrial activity, or other unexplained phenomena​.
19.29008	-99.0965	The Island of Dolls	https://en.wikipedia.org/wiki/The_Island_of_the_Dolls	The Island of Dolls (La Isla de las Muñecas) in the canals of Xochimilco, Mexico, is said to be cursed and haunted by the spirit of a young girl who drowned there, with hundreds of dolls believed to be possessed by her spirit and those of other deceased children, creating an eerie and unsettling atmosphere.
25.7402	32.6014	The Tomb of Tutankhamun	https://en.wikipedia.org/wiki/Tomb_of_Tutankhamun	The Tomb of Tutankhamun, discovered in 1922, is reputed to be cursed, with many believing that those who entered the tomb and disrupted the boy king's rest would suffer bad luck, illness, or death, as allegedly evidenced by the mysterious deaths of several individuals involved in the excavation​.
30.7895	-91.3796	The Myrtles Plantation	https://en.wikipedia.org/wiki/Myrtles_Plantation	The Myrtles Plantation in St. Francisville, Louisiana, is believed to be one of America's most haunted homes, cursed by a history of murder, illness, and tragedy, with numerous reports of ghost sightings and supernatural occurrences, including the spirit of a former slave named Chloe who is said to haunt the grounds​
45.3817	12.33131	Poveglia Island	https://en.wikipedia.org/wiki/Poveglia	Poveglia Island, located in the Venetian Lagoon, Italy, is infamous for its dark history as a quarantine station for plague victims and later as an asylum, leading to its reputation as one of the most haunted and cursed places in the world, with numerous reports of ghostly apparitions and paranormal activity​.
46.77446	23.52055	The Hoia Baciu Forest	https://en.wikipedia.org/wiki/Hoia_Forest	The Hoia Baciu Forest in Romania is often referred to as the "Bermuda Triangle of Transylvania" due to its reputation for bizarre paranormal phenomena, including UFO sightings, unexplained apparitions, and people reportedly disappearing or experiencing missing time within its eerie, twisted trees​.
53.02798	-7.80846	Leap Castle	https://en.wikipedia.org/wiki/Leap_Castle	Leap Castle in County Offaly, Ireland, is said to be cursed and haunted by multiple spirits, including a violent elemental spirit called "The Red Lady, " a woman holding a dagger, which, along with the castle's bloody history of family betrayal and massacre, contributes to its reputation as one of the most haunted castles in the world​.
33.81719	-112.8324	Vulture Mine	https://en.wikipedia.org/wiki/Vulture_Mine	The Vulture Mine in Wickenburg, Arizona, is said to be cursed, with tales of restless spirits and eerie occurrences linked to the tragic fates of miners who met untimely deaths, fueling legends of haunted grounds and supernatural encounters.
41.8078	-73.3523	Dudleytown, Cornwall, Connecticut	https://en.wikipedia.org/wiki/Dudleytown,_Connecticut	The ghost town of Dudleytown in Cornwall, Connecticut, is steeped in legend and is often referred to as "the Village of the Damned" due to numerous mysterious tragedies and supposed curses. Settled in the mid-18th century, the town was abandoned by the early 1900s amid reports of madness, suicide, and bizarre deaths among its residents, leading to tales of a curse that haunts the area and deters visitors to this day.
28.97055	-81.2386	The Devil's Chair, Cassadaga, Florida	https://en.wikipedia.org/wiki/The_Devil%27s_Chair_(urban_legend)	The Devil's Chair in Cassadaga, Florida, is a legendary haunted site associated with eerie tales and supernatural phenomena. This brick chair, located in the Cassadaga Cemetery, is rumored to be cursed, with local lore suggesting that those who sit in it at midnight will hear whispers from the devil or even make a pact with him. The chair is also said to be a portal for communicating with spirits, and visitors often report hearing unexplained noises, feeling sudden drops in temperature, and experiencing a sense of unease.
41.63089	-87.7706	Bachelor's Grove Cemetery, Midlothian, Illinois	https://en.wikipedia.org/wiki/Bachelor%27s_Grove_Cemetery	Bachelor's Grove Cemetery in Midlothian, Illinois, is reputed to be one of the most haunted cemeteries in the United States, with a dark history of ghostly apparitions, phantom vehicles, and unexplained lights that contribute to its eerie atmosphere and tales of a lingering curse.
40.93072	-94.97328	Villisca Axe Murder House, Villisca, Iowa	https://en.wikipedia.org/wiki/Villisca_axe_murders	The Villisca Axe Murder House in Villisca, Iowa, is infamous for the gruesome 1912 unsolved murders of the Moore family and two guests, with subsequent reports of ghostly apparitions, disembodied voices, and other paranormal phenomena contributing to its reputation as one of America's most haunted and cursed locations.
38.9713	-95.45469	Stull Cemetery, Stull, Kansas	https://www.americanhauntingsink.com/stull	Stull Cemetery in Stull, Kansas, is surrounded by ominous legends and tales of a curse, reputed to be a gateway to Hell where strange and supernatural occurrences such as ghostly apparitions, unexplained noises, and the Devil himself are said to appear.
43.70765	-69.75797	Seguin Island Lighthouse, Georgetown, Maine	https://en.wikipedia.org/wiki/Seguin_Light	The Seguin Island Lighthouse in Georgetown, Maine, is enveloped in a chilling legend of a curse, stemming from the tragic tale of a lighthouse keeper who went mad, leading to ghostly apparitions and mysterious piano music haunting the island to this day.
38.07345	-76.3422	Point Lookout State Park, Scotland, Maryland	https://en.wikipedia.org/wiki/Point_Lookout_State_Park	Point Lookout State Park in Scotland, Maryland, is steeped in tales of a curse, with its history as a Civil War prison camp where thousands perished, leaving behind restless spirits and ghostly encounters that continue to haunt visitors
38.59321	-90.21578	Lemp Mansion, St. Louis, Missouri	https://ghostwalks.com/articles/lemp-mansion-cursed-family-st-louis	Home of a curse bringing tragedy across generations of the Lemp family.
45.1633	-112.9973	Bannack Ghost Town, Dillon, Montana	https://en.wikipedia.org/wiki/Bannack,_Montana
39.94981	-74.51663	The Pine Barrens, New Jersey	https://en.wikipedia.org/wiki/New_Jersey_Pine_Barrens	A cursed 13th child - The Jersey Devil.
44.73098	-71.62966	Brunswick Springs	https://www.vermonter.com/curse-of-brunswick-springs/	Any enterprise that tries to make money in this sacred American Indian spot... doesn't end well
37.27237	-76.69985	Peyton Randolph House	https://en.wikipedia.org/wiki/Peyton_Randolph_House	The Peyton Randolph House in Colonial Williamsburg is infamous for its eerie tales and the curse believed by many to cause unexplained accidents and ghostly encounters for its visitors and staff.
42.84766	-106.32533	Wonder Bar	https://travelwyoming.com/article/haunted-places-to-visit-in-wyoming/	Locals whisper about the curse of the Wonder Bar in Casper, where eerie coincidences and unexplained events have fueled legends of a haunting ever since a series of unfortunate incidents plagued its former owners.
52.71557	1.69205	The Stone	https://www.hiddenea.com/norfolkw.htm#winterton	The whole village will be cursed to a poor fishing catch should this glacial erratic be moved.
53.51626	-0.32679	The Fonaby Sack Stone	https://lincolnshirefolktalesproject.com/2024/02/20/the-fonaby-sack-stone	A holy rider curses a lying farmer’s sack so it turns to stone; when he strains many horses to move it he is plagued by bad luck, but a single old horse easily returns it to its rightful place. The stubborn “sack stone” becomes a token of divine punishment and a rock that can only be moved on its own terms	#attrib
53.2019	-0.03672	Slash Hollow Boulder	https://lincolnshirefolktalesproject.com/2024/02/20/slash-hollow-boulder	A great boulder at Winceby was said to cover buried treasure, but anyone who tried to move it would call up God or the Devil—who stamped his cloven mark on the stone and sent the men fleeing. Other tellings say a shaggy hell-beast leapt atop the rock and scattered the horses, and the stone remains to keep the legend alive	#attrib