50.9266	-0.3356	Sussex Folklore	https://www.threeravenspodcast.com/podcast/episode/6b17a09a/series-1-episode-1-sussex	From the Three Ravens podcast
51.1002	-3.0201	Somerset Folklore	https://www.threeravenspodcast.com/podcast/episode/7a94dff9/series-1-episode-2-somerset	From the Three Ravens podcast
50.5036	-4.6526	Cornish Folklore	https://www.threeravenspodcast.com/podcast/episode/51a9c7b2/series-1-episode-3-cornwall	From the Three Ravens podcast
54.7768	-1.5751	Durham Folklore	https://www.threeravenspodcast.com/podcast/episode/8b832047/series-1-episode-4-durham	From the Three Ravens podcast
52.2821	-1.5849	Warwickshire Folklore	https://www.threeravenspodcast.com/podcast/episode/5a27bd1e/series-1-episode-5-warwickshire	From the Three Ravens podcast
51.0577	-1.3081	Hampshire Folklore	https://www.threeravenspodcast.com/podcast/episode/67816afb/series-1-episode-6-hampshire	From the Three Ravens podcast
53.1008	-1.0156	Nottinghamshire Folklore	https://www.threeravenspodcast.com/podcast/episode/7aa0a544/series-1-episode-7-nottinghamshire	From the Three Ravens podcast
53.7632	-2.7044	Lancashire Folklore	https://www.threeravenspodcast.com/podcast/episode/7b69d941/series-1-episode-8-lancashire	From the Three Ravens podcast
51.2787	0.521	Kent Folklore	https://www.threeravenspodcast.com/podcast/episode/432da0c2/series-1-episode-9-kent	From the Three Ravens podcast
51.7519	-1.2578	Oxfordshire Folklore	https://www.threeravenspodcast.com/podcast/episode/7718e1d1/series-1-episode-10-oxfordshire	From the Three Ravens podcast
51.54197	-0.29098	Middlesex Folklore	https://www.threeravenspodcast.com/podcast/episode/3332495d/series-1-episode-11-middlesex	From the Three Ravens podcast
54.66164	-3.35387	Cumberland Folklore	https://www.threeravenspodcast.com/podcast/episode/7766674a/series-2-episode-1-cumberland	From the Three Ravens podcast
50.8115	-2.3619	Dorset Folklore	https://www.threeravenspodcast.com/podcast/episode/88f5923b/series-2-episode-2-dorset	From the Three Ravens podcast
52.2405	-0.9027	Northamptonshire Folklore	https://www.threeravenspodcast.com/podcast/episode/a74adf67/series-2-episode-3-northamptonshire	From the Three Ravens podcast
52.1924	-2.22	Worcestershire Folklore	https://www.threeravenspodcast.com/podcast/episode/656902db/series-2-episode-4-worcestershire	From the Three Ravens podcast
52.2053	0.1218	Cambridgeshire Folklore	https://www.threeravenspodcast.com/podcast/episode/269947dc/series-2-episode-5-cambridgeshire	From the Three Ravens podcast
54.57822	-2.48928	Westmoreland Folklore	https://www.threeravenspodcast.com/podcast/episode/1cf1a981/series-2-episode-6-westmoreland	From the Three Ravens podcast
50.7156	-3.5309	Devon Folklore	https://www.threeravenspodcast.com/podcast/episode/823509fa/series-2-episode-7-devon	From the Three Ravens podcast
52.33893	-0.18611	Huntingdonshire Folklore	https://www.threeravenspodcast.com/podcast/episode/e203c188/series-2-episode-8-huntingdonshire	From the Three Ravens podcast
51.4547	-1.3084	Berkshire Folklore	https://www.threeravenspodcast.com/podcast/episode/af7ee151/series-2-episode-9-berkshire	From the Three Ravens podcast
51.2798	-0.5521	Surrey Folklore	https://www.threeravenspodcast.com/podcast/episode/b2eb0442/series-2-episode-10-surrey	From the Three Ravens podcast
54.99015	-1.63383	Northumberland Folklore	https://www.threeravenspodcast.com/podcast/episode/49fb6a54/series-2-episode-11-northumberland	From the Three Ravens podcast
53.2005	-2.5194	Cheshire Folklore	https://www.threeravenspodcast.com/podcast/episode/4fc5d9a1/series-2-episode-12-cheshire	From the Three Ravens podcast
53.9576	-1.0827	Yorkshire Folklore	https://www.threeravenspodcast.com/podcast/episode/4d3b5c01/series-2-episode-13-yorkshire	From the Three Ravens podcast
52.1081	-0.4512	Bedfordshire Folklore	https://www.threeravenspodcast.com/podcast/episode/bf486839/series-3-episode-1-bedfordshire	From the Three Ravens podcast
51.8642	-2.2386	Gloucestershire Folklore	https://www.threeravenspodcast.com/podcast/episode/5ea7ab89/series-3-episode-2-gloucestershire	From the Three Ravens podcast
52.6369	-1.1398	Leicestershire Folklore	https://www.threeravenspodcast.com/podcast/episode/5ca7d8c8/series-3-episode-4-leicestershire	From the Three Ravens podcast
51.7534	-0.8026	Buckinghamshire Folklore	https://www.threeravenspodcast.com/podcast/episode/c7eaa00e/series-3-episode-3-buckinghamshire	From the Three Ravens podcast
52.66856	-0.73322	Rutland Folklore	https://www.threeravenspodcast.com/podcast/episode/5b1ceed3/series-3-episode-6-rutland	From the Three Ravens podcast
51.7373	0.4726	Essex Folklore	https://www.threeravenspodcast.com/podcast/episode/58679612/series-3-episode-5-essex	From the Three Ravens podcast
53.1227	-1.5486	Derbyshire Folklore	https://www.threeravenspodcast.com/podcast/episode/8c108ea6/series-3-episode-8-derbyshire	From the Three Ravens podcast
51.783	-0.2032	Hertfordshire Folklore	https://www.threeravenspodcast.com/podcast/episode/7ac138a7/series-3-episode-7-herefordshire	From the Three Ravens podcast
51.3433	-1.9936	Wiltshire Folklore	https://www.threeravenspodcast.com/podcast/episode/868b24f8/series-3-episode-9-wiltshire	From the Three Ravens podcast
52.812	-2.0873	Staffordshire Folklore	https://www.threeravenspodcast.com/podcast/episode/4a497143/series-3-episode-11-staffordshire	From the Three Ravens podcast
53.2307	-0.5406	Lincolnshire Folklore	https://www.threeravenspodcast.com/podcast/episode/6d61224a/series-3-episode-10-lincolnshire	From the Three Ravens podcast
33.89595	-107.09604	The Trinity UFO Crash Pt 1: Because it was Getting Late	https://podcasters.spotify.com/pod/show/black-cat-report/episodes/1--Pt-1--The-Trinity-UFO-Crash-Because-it-was-Getting-Late-e1koe89	In August 1945, near San Antonio, New Mexico, two boys searching for a lost cow reportedly stumbled on a crashed craft close to the Trinity atomic test site. The case predates Roswell by almost two years and was nearly lost to history until Paola Leopizzi Harris and Jacques Vallée revived it.
34.2319	-82.8944	What is the Story Behind the Georgia Guidestones	https://podcasters.spotify.com/pod/show/black-cat-report/episodes/4--The-Story-Behind-the-Georgia-Guidestones-e1lke7f	The Georgia Guidestones were a granite monument carved with ten cryptic 'commandments' whose meaning was long guessed at and widely condemned. Their secretive creator, 'R.C. Christian', actually wrote a 100-plus-page book explaining exactly what they meant.
42.12389	-73.35472	The Berkshires UFO Incident	https://podcasters.spotify.com/pod/show/black-cat-report/episodes/13--The-Berkshires-UFO-Incident-e1ob8ve	On the night of September 1, 1969, rural Berkshire County in Massachusetts saw upwards of 40 UFO events. People were reportedly abducted in view of witnesses and cars were forced off the road by huge hovering craft.
42.636	-71.908	The Andreasson Affair Pt 1: It's Like A Whirlpool	https://podcasters.spotify.com/pod/show/black-cat-report/episodes/14--Pt-1--The-Andreasson-Affair-Its-Like-A-Whirlpool-e1olu1g	Betty Andreasson's 1967 abduction from her Massachusetts home is one of the most heavily documented UFO cases on record. It was backed by Dr. J. Allen Hynek and scrutinised almost as intensely as the story itself.
17.8806	-92.4789	The Pemex UFO Incident: UFOs, Humanoids, Cryptids, Weather Manipulation	https://podcasters.spotify.com/pod/show/black-cat-report/episodes/19--The-Pemex-UFO-Incident-UFOs--Humanoids--Cryptids--Weather-Manipulation-e1qaafc	On June 1, 1973, Ciudad Pemex in Tabasco, Mexico experienced a UFO flap, close contact, cryptid sightings and a government clean-up crew. Despite the many witnesses, it remains one of the best-kept secrets in UFO history.
35.89	140.66	Utsuro-Bune: An 1800's Japanese UFO Encounter?	https://podcasters.spotify.com/pod/show/black-cat-report/episodes/21--Utsuro-Bune-An-1800s-Japanese-UFO-Encounter-e1r1h24	In 1803 a strange round vessel carrying a mysterious woman reportedly washed ashore on the coast of Japan. Accounts of the Utsuro-bune leave open whether it was an early close encounter or just a historical oddity.
35.5951	-82.5515	Ghosts of Asheville	https://podcasters.spotify.com/pod/show/black-cat-report/episodes/23--Ghosts-of-Asheville-e1rnn13	Asheville, North Carolina has a long list of local ghost stories and haunted buildings. This is a tour of some of the city's best-known hauntings.
35	-115.5	The Mojave UFO Incident Pt 1: Guards & Gremlins	https://podcasters.spotify.com/pod/show/black-cat-report/episodes/26--Pt-1--The-Mojave-UFO-Incident-Guards--Gremlins-e1smkjq	On October 21, 1989, a couple driving through an empty stretch of the Mojave Desert had a terrifying encounter with a UFO and strange guards. It is an abduction story that is hard to compare with any other experiencer account.
25.50028	-80.445	Coral Castle: One Man Unlocks the Truth Behind the Pyramids	https://podcasters.spotify.com/pod/show/black-cat-report/episodes/30--Coral-Castle-One-Man-Unlocks-the-Truth-Behind-the-Pyramids-e1tr8kl	Ed Leedskalnin single-handedly built Coral Castle in Florida from massive coral blocks, working alone and in secret. How he did it is still debated, with theories ranging from earth energies to alien techniques to lost knowledge.
41.17273	-80.65214	The Trumbull County UFO Chase! Police & Citizen Recordings From That Night!	https://podcasters.spotify.com/pod/show/black-cat-report/episodes/31--The-Trumbull-County-UFO-Chase--Police--Citizen-Recordings-From-That-Night-e1u4s9p	On December 14, 1994, a massive UFO appeared about 50 feet above a neighbourhood in Trumbull County, Ohio. Calls flooded in from citizens and police across several townships as officers chased it through the night.
41.5317	-93.9541	The Van Meter Visitor: Old-Timey Mothman Terrorizes an Old-Timey Town	https://podcasters.spotify.com/pod/show/black-cat-report/episodes/34--The-Van-Meter-Visitor-Old-Timey-Mothman-Terrorizes-an-Old-Timey-Town-e1v6o5h	For five days in 1903, the town of Van Meter, Iowa was terrorised by a huge winged creature with a glowing horn. The townsfolk responded by forming an armed mob to ambush the beast.
40.7108	-73.9958	The Brooklyn Bridge UFO Abductions	https://podcasters.spotify.com/pod/show/black-cat-report/episodes/41--Pt-1--The-Brooklyn-Bridge-UFO-Abductions-e222pk1	In November 1989, Linda Cortile said she was floated out of her 12th-floor apartment in lower Manhattan into a hovering UFO. Astonishingly, credible eyewitnesses near the Brooklyn Bridge claimed to have seen it happen.
35.6118	-83.4895	Smoky Mountain National Park Disappearances and Mysteries	https://podcasters.spotify.com/pod/show/black-cat-report/episodes/51--Smoky-Mountain-National-Park-Disappearances-and-Mysteries-e25sg9e	Great Smoky Mountains National Park has a long record of strange disappearances, including children who vanished without a trace. Its mysteries range from the Cherokee legend of Spearfinger to a possible UFO crash.
-12.4634	130.8456	The Darwin UFO Flap: 15 Years of USOs, UFOs & Orbs	https://podcasters.spotify.com/pod/show/black-cat-report/episodes/61--The-Darwin-UFO-Flap-15-Years-of-USOs--UFOs--Orbs-E499_C21-4-4_4081230-e28sfor	For about 15 years, the skies and waters around Darwin, Australia produced a run of UFO, USO and orb sightings. The records of the flap stayed buried in obscure government files for over a decade.
-23.4389	-47.0608	When UFOs Kill: The Melting Man of Brazil	https://podcasters.spotify.com/pod/show/black-cat-report/episodes/64--When-UFOs-Kill-The-Melting-Man-of-Brazil---Joo-Prestes-Death-in-a-High-Strangeness-Disneyland-e29nbbf	In 1946, in Araçariguama, Brazil, João Prestes came home after being struck by a mysterious beam of light, and his flesh began to fall away from his bones. Ufologists later uncovered a web of eerie events around the 'Melting Man' death in this hotspot of high strangeness.
37.34034	-95.47692	The Benders: American Frontier Family Serial Killers	https://podcasters.spotify.com/pod/show/black-cat-report/episodes/65--Pt-1--The-Benders-American-Frontier-Family-Serial-Killers-e2a1puu	In the early 1870s, the Bender family ran a roadside inn on the southeast Kansas frontier, and four of them were murderers. Travellers who stopped there began disappearing.
40.012	-86.13782	Herbert Baumeister: I-70 Strangler and Fox Hollow Farm Murderer	https://podcasters.spotify.com/pod/show/black-cat-report/episodes/68--Pt-1--Herbert-Baumeister-I-70-Strangler-and-Fox-Hollow-Farm-Murderer-e2atv38	Herbert Baumeister is suspected of being the I-70 Strangler, who left bodies along the interstate. He is linked to the remains of at least eleven men found buried at his Fox Hollow Farm estate in Westfield, Indiana.
43.4423	-71.5892	The Tilton UFO Incident: Lost Police Recordings of a Close Encounter	https://podcasters.spotify.com/pod/show/black-cat-report/episodes/75--The-Tilton-UFO-Incident-Lost-Police-Recordings-of-a-Close-Encounter-e2d2int	In 1974, police officers in Tilton, New Hampshire radioed in a live close encounter with a UFO that seemed to signal back to them. The recording was nearly lost to time before being remastered.
-42.4	173.68	The Kaikoura UFO Sightings (Kaikoura Lights 1978)	https://podcasters.spotify.com/pod/show/black-cat-report/episodes/77--The-Kaikoura-UFO-Sightings-Kaikoura-Lights-1978-e2dlm9e	In December 1978, pilots, a TV news crew and military personnel saw and filmed strange lights off the coast of Kaikoura, New Zealand. The sightings drew international attention and claims of a cover-up, and changed the witnesses' lives.
-36.38694	-71.58806	Colonia Dignidad & Paul Schafer (Spicy Potatoes)	https://podcasters.spotify.com/pod/show/black-cat-report/episodes/79--Pt-1--Colonia-Dignidad--Paul-Schafer-Spicy-Potatoes-e2e4ime	Paul Schäfer, a German preacher tied to William Branham, used his followers' money to found Colonia Dignidad, a secretive cult colony in rural Chile. It began as a youth home and grew into a sealed-off compound.
43.743	-65.3137	Sweep Clear 5: The Shelburne Harbor Incident	https://podcasters.spotify.com/pod/show/black-cat-report/episodes/84--Sweep-Clear-5-The-Shelburne-Harbor-Incident-e2fluce	In 1967, navy divers near Shelburne, Nova Scotia reportedly watched two unknown craft underwater during a secret operation called Sweep Clear 5. The encounter was nearly lost until researcher Chris Styles spent 30 years uncovering it.
34.6182	-79.0086	The Lumberton Report: The Earliest Modern Mass Sighting of a Triangle UFO	https://podcasters.spotify.com/pod/show/black-cat-report/episodes/86--Pt-1--The-Lumberton-Report-The-Earliest-Modern-Mass-Sighting-of-a-Triangle-UFO-e2g8so4	From April 3 to 9, 1975, more than 80 people around Lumberton, North Carolina, over 40 of them police, saw a triangular UFO. There were high-speed chases and close encounters, and investigator Lee Spiegel got multiple close views.
35.139	-79.006	DC Long, Range 19: The DUMB Dump	https://podcasters.spotify.com/pod/show/black-cat-report/episodes/93--Pt-1--DC-Long--Range-19-The-DUMB-Dump-e2igne1	In 2010, Army Ranger DC Long went with his father, a Defense Department contractor, to a job site near Fort Bragg called 'Range 19'. They were escorted into an underground facility where a giant granite slab hung silently in midair.
32.3181	-97.6942	Billy 'Baldy' Mitchell and The Feud of Mitchell's Bend	https://podcasters.spotify.com/pod/show/black-cat-report/episodes/110--Pt1--Billy-Baldy-Mitchell-and-The-Feud-of-Mitchells-Bend-e2nfl88	In 1870s Hood County, Texas, a quarrel between the Mitchell and Truitt families at Mitchell's Bend on the Brazos River turned deadly. It escalated into years of hiding and revenge killings, with Billy 'Baldy' Mitchell at the centre.
5.8885	-162.0787	The Curse of Palmyra Atoll: Prologue to Sea Wind Murders	https://podcasters.spotify.com/pod/show/black-cat-report/episodes/131--The-Curse-of-Palmyra-Atoll-Prologue-to-Sea-Wind-Murders-e3316gn	Palmyra Atoll is a remote Pacific island with a history of shipwrecks, pirate legends such as the treasure ship La Esperanza, and unexplained disappearances. Its dark reputation, the so-called Palmyra Curse, sets the stage for the 1974 Sea Wind murders.
52.68875	0.93325	The Ghost of Sandy Lane, Dereham	https://episodes.fm/1380739641/episode/dGFnOmF1ZGlvYm9vbS5jb20sMjAxOC0wNi0wMTovcG9zdHMvNjg3ODczMg	from the Norfolk Folklore Society podcast
52.61708	1.47028	The cursed goats head of Strumpshaw	https://episodes.fm/1380739641/episode/dGFnOmF1ZGlvYm9vbS5jb20sMjAxOC0wNi0wODovcG9zdHMvNjg4NzcxMA	from the Norfolk Folklore Society podcast
52.54581	0.85627	The beast of the A1075	https://episodes.fm/1380739641/episode/dGFnOmF1ZGlvYm9vbS5jb20sMjAxOC0wNi0yMjovcG9zdHMvNjkwNTQ0MQ	from the Norfolk Folklore Society podcast
52.62066	1.56576	The Devil and the Tunstall Bells	https://episodes.fm/1380739641/episode/dGFnOmF1ZGlvYm9vbS5jb20sMjAxOC0wNi0yOTovcG9zdHMvNjkxMzM4MA	from the Norfolk Folklore Society podcast
52.7184	1.67207	The witch of East Somerton	https://episodes.fm/1380739641/episode/dGFnOmF1ZGlvYm9vbS5jb20sMjAxOC0wNS0wNDovcG9zdHMvNjgzMzk4MA	from the Norfolk Folklore Society podcast
52.89892	1.15211	The ghost of Baconsthorpe castle	https://episodes.fm/1380739641/episode/dGFnOmF1ZGlvYm9vbS5jb20sMjAxOC0wNS0xMTovcG9zdHMvNjg1MDQxMg	from the Norfolk Folklore Society podcast
52.9362	1.30103	The lost village of Shipden	https://episodes.fm/1380739641/episode/dGFnOmF1ZGlvYm9vbS5jb20sMjAxOC0wNS0xODovcG9zdHMvNjg2MDQxNw	from the Norfolk Folklore Society podcast
52.75692	0.39448	The witch's heart of King's Lynn	https://episodes.fm/1380739641/episode/dGFnOmF1ZGlvYm9vbS5jb20sMjAxOC0wNS0yNTovcG9zdHMvNjg2OTgxNQ	from the Norfolk Folklore Society podcast
52.61817	1.25601	UFO over South Park Avenue - Norwich	https://episodes.fm/1380739641/episode/dGFnOmF1ZGlvYm9vbS5jb20sMjAxOC0wNy0wNjovcG9zdHMvNjkyMTc1Nw	from the Norfolk Folklore Society podcast
52.58356	1.71641	The Lily Pit - Gorleston	https://episodes.fm/1380739641/episode/dGFnOmF1ZGlvYm9vbS5jb20sMjAxOC0wNy0yMDovcG9zdHMvNjkzODUxNg	from the Norfolk Folklore Society podcast
52.56606	1.73267	Black Shuck - Gorleston Beach	https://episodes.fm/1380739641/episode/dGFnOmF1ZGlvYm9vbS5jb20sMjAxOC0wNy0yNzovcG9zdHMvNjk0NzEzOA	from the Norfolk Folklore Society podcast
52.6375	1.30479	The Mousehold Street poltergeist	https://episodes.fm/1380739641/episode/dGFnOmF1ZGlvYm9vbS5jb20sMjAxOC0wOC0wMzovcG9zdHMvNjk1NTg5Nw	from the Norfolk Folklore Society podcast
52.39325	0.99943	The fairy cow of South Lopham	https://episodes.fm/1380739641/episode/dGFnOmF1ZGlvYm9vbS5jb20sMjAxOC0wOC0xMDovcG9zdHMvNjk2NDU3Mw	from the Norfolk Folklore Society podcast
52.93152	1.18911	The Sheringham Mermaid	https://episodes.fm/1380739641/episode/dGFnOmF1ZGlvYm9vbS5jb20sMjAxOC0wOC0xNzovcG9zdHMvNjk3MzUyMQ	from the Norfolk Folklore Society podcast
52.63681	1.29108	The Gildencroft Bogey	https://episodes.fm/1380739641/episode/dGFnOmF1ZGlvYm9vbS5jb20sMjAxOC0wOC0yNDovcG9zdHMvNjk4MjAwMQ	from the Norfolk Folklore Society podcast
52.42367	0.70356	The ghosts of Thetford Warren Lodge	https://episodes.fm/1380739641/episode/dGFnOmF1ZGlvYm9vbS5jb20sMjAxOC0wOS0wNzovcG9zdHMvNjk5NzczNw	from the Norfolk Folklore Society podcast
52.59279	1.58229	The stone brothers of Wickhampton	https://episodes.fm/1380739641/episode/dGFnOmF1ZGlvYm9vbS5jb20sMjAxOC0xMi0xNDovcG9zdHMvNzExNjI3OA	from the Norfolk Folklore Society podcast
52.55341	1.51139	The lady in red at Hardley Crossroads	https://episodes.fm/1380739641/episode/dGFnOmF1ZGlvYm9vbS5jb20sMjAxOC0xMi0yODovcG9zdHMvNzEyNzgyMw	from the Norfolk Folklore Society podcast
52.70415	0.34096	The haunted pipe organ at Wiggenhall	https://episodes.fm/1380739641/episode/dGFnOmF1ZGlvYm9vbS5jb20sMjAxOC0xMS0xNjovcG9zdHMvNzA4NzUxMg	from the Norfolk Folklore Society podcast
52.84584	1.48468	Bromholm Priory	https://episodes.fm/1380739641/episode/dGFnOmF1ZGlvYm9vbS5jb20sMjAxOS0wMi0wODovcG9zdHMvNzE2NzY0OQ	from the Norfolk Folklore Society podcast
52.79688	0.78996	The Brown Lady of Raynham Hall	https://episodes.fm/1380739641/episode/dGFnOmF1ZGlvYm9vbS5jb20sMjAxOS0wMS0xMTovcG9zdHMvNzEzOTExNQ	from the Norfolk Folklore Society podcast
52.50422	1.21834	The haunted house	https://episodes.fm/1380739641/episode/dGFnOmF1ZGlvYm9vbS5jb20sMjAxOS0wMS0yNTovcG9zdHMvNzE1MzQ1NA	from the Norfolk Folklore Society podcast
52.6256	1.29272	Wise Women of St Stephen's	https://episodes.fm/1380739641/episode/dGFnOmF1ZGlvYm9vbS5jb20sMjAxOS0wMy0wODovcG9zdHMvNzE5NTM3Mg	from the Norfolk Folklore Society podcast
52.80737	0.47755	Bishop Beaver of Babingley	https://episodes.fm/1380739641/episode/dGFnOmF1ZGlvYm9vbS5jb20sMjAxOS0wNC0wNTovcG9zdHMvNzIyMzQyMA	from the Norfolk Folklore Society podcast
52.53094	1.56152	The Lantern Man	https://episodes.fm/1380739641/episode/dGFnOmF1ZGlvYm9vbS5jb20sMjAxOS0wNC0xOTovcG9zdHMvNzIzNzE2Mw	from the Norfolk Folklore Society podcast
52.90747	1.26015	The haunting of Felbrigg Hall	https://episodes.fm/1380739641/episode/dGFnOmF1ZGlvYm9vbS5jb20sMjAxOS0wNi0yODovcG9zdHMvNzMwMTUzNg	from the Norfolk Folklore Society podcast
52.91024	1.24452	The Shrieking Pits	https://episodes.fm/1380739641/episode/dGFnOmF1ZGlvYm9vbS5jb20sMjAxOS0wNS0xNzovcG9zdHMvNzI2MzAwMw	from the Norfolk Folklore Society podcast
52.63109	1.29893	the grey lady of Tombland	https://episodes.fm/1380739641/episode/dGFnOmF1ZGlvYm9vbS5jb20sMjAxOS0wNS0zMTovcG9zdHMvNzI3MzQ1MA	from the Norfolk Folklore Society podcast
52.87316	0.8922	White Shuck	https://episodes.fm/1380739641/episode/dGFnOmF1ZGlvYm9vbS5jb20sMjAxOS0wNy0yNjovcG9zdHMvNzMyNTQzOA	from the Norfolk Folklore Society podcast
52.60572	1.30634	The lost Arminghall Henge	https://episodes.fm/1380739641/episode/dGFnOmF1ZGlvYm9vbS5jb20sMjAxOS0wOC0wOTovcG9zdHMvNzMzMjE0Mw	from the Norfolk Folklore Society podcast
52.63207	1.73742	The haunted caravan	https://episodes.fm/1380739641/episode/dGFnOmF1ZGlvYm9vbS5jb20sMjAxOS0wOC0zMDovcG9zdHMvNzM1NDY2NA	from the Norfolk Folklore Society podcast
52.75049	0.3948	Devils Alley	https://episodes.fm/1380739641/episode/dGFnOmF1ZGlvYm9vbS5jb20sMjAyMC0wMi0wNjovcG9zdHMvNzQ5NzU4MQ	from the Norfolk Folklore Society podcast
52.60079	1.1787	The Hethersett Faines	https://episodes.fm/1380739641/episode/dGFnOmF1ZGlvYm9vbS5jb20sMjAyMC0wMS0yMzovcG9zdHMvNzQ4NTc1Nw	from the Norfolk Folklore Society podcast
52.49774	1.51487	Stockton Stone	https://episodes.fm/1380739641/episode/dGFnOmF1ZGlvYm9vbS5jb20sMjAyMC0wMy0wNTovcG9zdHMvNzUyMjcwNg	from the Norfolk Folklore Society podcast
52.6039	1.72717	Kitty witches Row	https://episodes.fm/1380739641/episode/dGFnOmF1ZGlvYm9vbS5jb20sMjAyMC0wMy0xOTovcG9zdHMvNzUzNTIzNg	from the Norfolk Folklore Society podcast
52.67719	0.94978	A UFO over Dereham	https://episodes.fm/1380739641/episode/dGFnOmF1ZGlvYm9vbS5jb20sMjAyMC0wNC0wOTovcG9zdHMvNzU1MjM4OQ	from the Norfolk Folklore Society podcast
52.94653	0.49776	Mother Gabley	https://episodes.fm/1380739641/episode/dGFnOmF1ZGlvYm9vbS5jb20sMjAyMC0wNi0wNDovcG9zdHMvNzU5OTA2OQ	from the Norfolk Folklore Society podcast
52.41259	1.09746	A possible poltergeist at Shelfanger	https://episodes.fm/1380739641/episode/dGFnOmF1ZGlvYm9vbS5jb20sMjAyMC0wNS0wNzovcG9zdHMvNzU3NjQ2OQ	from the Norfolk Folklore Society podcast
52.65893	0.52284	The wicked nuns of Marham	https://episodes.fm/1380739641/episode/dGFnOmF1ZGlvYm9vbS5jb20sMjAyMC0wNS0yMTovcG9zdHMvNzU4NzkxMg	from the Norfolk Folklore Society podcast
52.63407	1.29686	The haunting of 19 Magdalen Street	https://episodes.fm/1380739641/episode/dGFnOmF1ZGlvYm9vbS5jb20sMjAyMC0wNy0wMjovcG9zdHMvNzYyMTY4OQ	from the Norfolk Folklore Society podcast
52.64771	0.68977	Ella Morse's moving gravestone	https://episodes.fm/1380739641/episode/dGFnOmF1ZGlvYm9vbS5jb20sMjAyMC0wNy0xNjovcG9zdHMvNzYzNDE5Mg	from the Norfolk Folklore Society podcast
52.71881	1.06047	The great stone of Lyng	https://episodes.fm/1380739641/episode/dGFnOmF1ZGlvYm9vbS5jb20sMjAyMC0wNy0zMDovcG9zdHMvNzY0NDkwMw	from the Norfolk Folklore Society podcast
52.47243	0.9701	The Eccles Sea Monster	https://episodes.fm/1380739641/episode/dGFnOmF1ZGlvYm9vbS5jb20sMjAyMC0wOC0yNzovcG9zdHMvNzY2ODc1Mg	from the Norfolk Folklore Society podcast
52.41647	0.74261	Thetford Priory Ghosts	https://episodes.fm/1380739641/episode/dGFnOmF1ZGlvYm9vbS5jb20sMjAyMC0wOS0xNzovcG9zdHMvNzY4NTA5Mg	from the Norfolk Folklore Society podcast
52.62848	1.2961	The ghost of Martha Alden	https://episodes.fm/1380739641/episode/dGFnOmF1ZGlvYm9vbS5jb20sMjAyMC0wOS0yNDovcG9zdHMvNzY5MDQyNQ	from the Norfolk Folklore Society podcast
52.54447	1.03058	Morley Old Hall	https://episodes.fm/1380739641/episode/dGFnOmF1ZGlvYm9vbS5jb20sMjAyMC0xMC0wODovcG9zdHMvNzcwMDg5Mw	from the Norfolk Folklore Society podcast
52.63455	1.30849	Urban legends at Zaks Waterside	https://episodes.fm/1380739641/episode/dGFnOmF1ZGlvYm9vbS5jb20sMjAyMC0xMC0yNjovcG9zdHMvNzcxNDQyOA	from the Norfolk Folklore Society podcast
52.7929	0.46898	Castle Rising	https://episodes.fm/1380739641/episode/dGFnOmF1ZGlvYm9vbS5jb20sMjAyMC0xMS0yNTovcG9zdHMvNzczNzc1OQ	from the Norfolk Folklore Society podcast
52.66267	0.97544	Cutthroat Lane - Yaxham	https://episodes.fm/1380739641/episode/dGFnOmF1ZGlvYm9vbS5jb20sMjAyMi0wMS0yMDovcG9zdHMvODAxNjI3NQ	from the Norfolk Folklore Society podcast
52.82423	1.53144	The Happisburgh Torso	https://episodes.fm/1380739641/episode/dGFnOmF1ZGlvYm9vbS5jb20sMjAyMi0wNS0wNTovcG9zdHMvODA3ODQzMw	from the Norfolk Folklore Society podcast
52.82411	1.1326	The rising dead at Corpusty	https://episodes.fm/1380739641/episode/dGFnOmF1ZGlvYm9vbS5jb20sMjAyMi0wOS0wNzovcG9zdHMvODE1MzM4Nw	from the Norfolk Folklore Society podcast
52.60405	1.72772	Glasshouse Row	https://episodes.fm/1380739641/episode/dGFnOmF1ZGlvYm9vbS5jb20sMjAyMi0xMC0yNTovcG9zdHMvODE4MDcxOA	from the Norfolk Folklore Society podcast
52.6584	1.20471	The Green Lady of Costessey Hall	https://episodes.fm/1380739641/episode/dGFnOmF1ZGlvYm9vbS5jb20sMjAyMS0wMS0yODovcG9zdHMvNzc4NDU5NQ	from the Norfolk Folklore Society podcast
52.66622	1.31213	White Woman Lane	https://episodes.fm/1380739641/episode/dGFnOmF1ZGlvYm9vbS5jb20sMjAyMS0wNC0zMDovcG9zdHMvNzg1NjE4Mw	from the Norfolk Folklore Society podcast
52.63123	1.28817	The Spinnage	https://episodes.fm/1380739641/episode/dGFnOmF1ZGlvYm9vbS5jb20sMjAyMS0wOC0xMjovcG9zdHMvNzkyMzA2Ng	from the Norfolk Folklore Society podcast
52.6377	1.2812	The Horror of Heigham	https://episodes.fm/1380739641/episode/dGFnOmF1ZGlvYm9vbS5jb20sMjAyMS0wOC0yNjovcG9zdHMvNzkzMDg4NA	from the Norfolk Folklore Society podcast
52.74616	1.02922	The entrance to Saint Martin's Land	https://episodes.fm/1380739641/episode/dGFnOmF1ZGlvYm9vbS5jb20sMjAyMS0xMC0wNzovcG9zdHMvNzk1NjQwOA	from the Norfolk Folklore Society podcast
52.70498	1.46518	Horning Timeslip	https://episodes.fm/1380739641/episode/dGFnOmF1ZGlvYm9vbS5jb20sMjAyMS0xMS0xODovcG9zdHMvNzk4MjQ4Mg	from the Norfolk Folklore Society podcast
52.60946	1.72696	A cursed mummy at Great Yarmouth	https://episodes.fm/1380739641/episode/dGFnOmF1ZGlvYm9vbS5jb20sMjAyMy0wMS0xMjovcG9zdHMvODIyODgzMg	from the Norfolk Folklore Society podcast
52.83412	0.85596	A haunting near Fakenham	https://episodes.fm/1380739641/episode/dGFnOmF1ZGlvYm9vbS5jb20sMjAyMy0wMy0zMTovcG9zdHMvODI3MzczNg	from the Norfolk Folklore Society podcast
52.5794	1.51998	The Callow Pit Coffer	https://episodes.fm/1380739641/episode/dGFnOmF1ZGlvYm9vbS5jb20sMjAyMy0wNC0xMzovcG9zdHMvODI4MDg3Nw	from the Norfolk Folklore Society podcast
52.63067	1.29894	The time slip in a toilet	https://episodes.fm/1380739641/episode/dGFnOmF1ZGlvYm9vbS5jb20sMjAyMy0wNS0zMDovcG9zdHMvODMwOTMxOA	from the Norfolk Folklore Society podcast
52.62977	1.29355	Ghosts of Exchange Street	https://episodes.fm/1380739641/episode/dGFnOmF1ZGlvYm9vbS5jb20sMjAyMy0wOS0yODovcG9zdHMvODM3NTYyMw	from the Norfolk Folklore Society podcast
52.68799	1.20888	A VERY haunted house at Thorpe Marriott	https://episodes.fm/1380739641/episode/dGFnOmF1ZGlvYm9vbS5jb20sMjAyNC0wMi0yODovcG9zdHMvODQ2NTg0OA	from the Norfolk Folklore Society podcast
52.42871	1.1011	The Good Sword of Winfarthing	https://episodes.fm/1380739641/episode/dGFnOmF1ZGlvYm9vbS5jb20sMjAyNC0wMS0yNjovcG9zdHMvODQ0NjM0OA	from the Norfolk Folklore Society podcast
52.67725	0.94947	The witch of East Dereham	https://episodes.fm/1380739641/episode/dGFnOmF1ZGlvYm9vbS5jb20sMjAyNC0wNC0yODovcG9zdHMvODQ5NzI4Mg	from the Norfolk Folklore Society podcast
52.53931	1.72903	The Old Man of Hopton	https://episodes.fm/1380739641/episode/dGFnOmF1ZGlvYm9vbS5jb20sMjAyNC0xMC0yOTovcG9zdHMvODU5ODUwNw	from the Norfolk Folklore Society podcast
38.71703	-80.65729	Spotlight on the Flatwoods Monster	https://www.iheart.com/podcast/269-the-paranorm-girl-79950429/episode/spotlight-on-the-flatwoods-monster-331828731/	On the evening of September 12, 1952, a bright object streaked across the sky and seemed to land on a hillside on G. Bailey Fisher's farm in Flatwoods, West Virginia. A group of locals who climbed up to look reported a towering, glowing-eyed figure and a choking mist, and the sheriff later found only a lingering smell.
46.87103	-117.36367	Entities of St. Ignatius Hospital with Tour Guide, Val Gregory	https://www.iheart.com/podcast/269-the-paranorm-girl-79950429/episode/entities-of-st-ignatius-hospital-with-302014965/	St. Ignatius Hospital in Colfax, Washington, opened in 1893 and served the Palouse for decades before closing for good. Since then, reports of apparitions and voices in its empty halls have made it known as one of the most haunted buildings in the Pacific Northwest.
31.7125	-110.06639	A Conversation with Bruce Burnett, Creator of the Tombstone Wild West Paracon, Pt I	https://www.iheart.com/podcast/269-the-paranorm-girl-79950429/episode/a-conversation-with-bruce-burnett-creator-123577073/	Tombstone, Arizona, the silver-boom town of the Earp brothers and the O.K. Corral gunfight, is said to be one of the most haunted towns in the Old West. Visitors and residents report encounters such as a woman in white along its historic streets.
31.71194	-110.06528	A Conversation with Bruce Burnett, Creator of the Tombstone Wild West Paracon, Pt II	https://www.iheart.com/podcast/269-the-paranorm-girl-79950429/episode/a-conversation-with-bruce-burnett-creator-123841088/	The Bird Cage Theatre opened in 1881 as Tombstone's notorious saloon, gambling hall and brothel, and its walls still carry bullet holes from the gunfights inside. It is now regarded as one of Arizona's most haunted buildings, with reports of phantom music, voices and figures.
52.40833	0.55667	Spotlight on Lakenheath-Bentwaters	https://www.iheart.com/podcast/269-the-paranorm-girl-79950429/episode/spotlight-on-lakenheath-bentwaters-110608921/	On August 13, 1956, radar operators at RAF Lakenheath and RAF Bentwaters tracked unexplained targets and strange aerial lights for about six hours, and fighter jets were scrambled to intercept. Investigators including Project Blue Book and the Condon Committee could not explain it, and anomalous propagation and the Perseid meteors have both been ruled out.
50.29138	19.10915	Halloween Bonus; A Powerful, Polish Poltergeist with Translator of The Elusive Force, Joel Stern	https://www.iheart.com/podcast/269-the-paranorm-girl-79950429/episode/halloween-bonus-a-powerful-polish-poltergeist-233381628/	In spring 1983, poltergeist activity erupted around a girl named Joasia Gajewski at her family's home in Sosnowiec, Poland, with objects moving and flying on their own. Polish scientists studied the phenomena for some 40 months, making it one of the best documented poltergeist cases.
36.85889	-87.48639	A Conversation with Paranormal Investigator & Owner of the Knight House, Eric Freeman Sims	https://www.iheart.com/podcast/269-the-paranorm-girl-79950429/episode/a-conversation-with-paranormal-investigator-owner-219744176/	The Knight House, built around 1815 to 1820, is the oldest home in Hopkinsville and Christian County, Kentucky, and may have served as a Civil War hospital and an Underground Railroad stop. It has secret tunnels and a door said to be meant for the dead, and its owners report ongoing paranormal activity.
44.85048	-95.90187	A Conversation with Paranormal Investigator & Owner of The Boyd House, Jill Shelley	https://www.iheart.com/podcast/269-the-paranorm-girl-79950429/episode/a-conversation-with-paranormal-investigator-owner-162217100/	The Boyd House is an old home in the tiny town of Boyd in southwest Minnesota, now rented out for overnight stays to people drawn by its reputation. Paranormal investigators have reported apparitions and voices there, and it is billed as one of the most haunted homes in Minnesota.
39.92168	-80.73446	A Conversation with Paranormal Quest Investigator and Haunted Museum Owner, Steve Hummel	https://www.iheart.com/podcast/269-the-paranorm-girl-79950429/episode/a-conversation-with-paranormal-quest-investigator-98009034/	Moundsville, West Virginia, is home to the former West Virginia State Penitentiary, a Gothic prison notorious for violence and executions and now a famous ghost-hunting site. Nearby, the Archive of the Afterlife museum displays haunted and occult objects collected by local investigators.
45.74772	-122.23902	A Conversation with Silverstar Mountain Sasquatch Photographer, Randee Chase	https://www.iheart.com/podcast/269-the-paranorm-girl-79950429/episode/a-conversation-with-silverstar-mountain-sasquatch-170066958/	On November 17, 2005, a hiker on a snowy peak of Silver Star Mountain in Washington's Gifford Pinchot National Forest photographed what appears to be a large, dark, two-legged figure. The photos became one of the region's best-known pieces of Bigfoot evidence.
43.6532	-79.3832	The Ghost We Made (The Philip Experiment and the Power of Belief)	https://www.iheart.com/podcast/269-the-paranorm-girl-79950429/episode/the-ghost-we-made-the-philip-273126575/	In the early 1970s, members of the Toronto Society for Psychical Research invented a fictional ghost named Philip, complete with a tragic backstory, to test whether belief alone could produce phenomena. Within months their séance table was rapping out answers and moving on its own, raising questions about thought forms and poltergeists.
40.31976	-74.92533	Jersey Devil sighting	https://episodes.fm/aHR0cHM6Ly9mZWVkcy5zaW1wbGVjYXN0LmNvbS8zZW9DdlBraQ/episode/YjY4OTM2MjgtZTkxZC00Y2Q2LWI0YjUtZTUxNjgwMmVjODg4	Presented by Spooky Coop - A father and son have an encounter on the forest backroads.