52.472610 , 1.1700274 The Phantom Black Dog of Manor Farm https://www.hiddenea.com/shuckland/aslacton.htm A young farm boy encountered a monstrous, phantom black dog that vanished through a closed gate in a meadow at Manor Farm in Aslacton. #ghost
52.902709 , 1.2443197 The Weeping Woman of the Shrieking Pits https://www.hiddenea.com/norfolka.htm A tall phantom woman in white haunts the medieval iron-ore pits of Aylmerton, wailing and searching for her murdered child. #approx#ghost
52.79503961951816, 1.2508740976452752 The Haunting of the Black Boys Inn https://www.greatbritishlife.co.uk/magazines/norfolk/22611765.9-fascinating-facts-didnt-know-aylsham/ The original owner of an ancient coaching inn, slain by a soldier of Oliver Cromwell during the Civil War, was buried on the premises and returned to haunt the building for over a century. #ghost
52.89887386378498, 1.1520896741566422 The Spectral Sentry of Baconsthorpe Castle https://www.edp24.co.uk/news/20824812.weird-norfolk-ghost-baconsthorpe-castle/ Visitors to the ruined 15th-century manor house frequently hear mysterious splashes in the moat and spot a ghostly medieval soldier standing on the walls, harmlessly tossing stones into the water. #ghost
52.867205121861815, 1.4547969767691202 The Long Coastguardsman https://www.edp24.co.uk/lifestyle/20619282.norfolk-cliff-haunted-ghostly-coastguard/ A betrayed coastguardsman, hacked to pieces by smugglers, eternally patrols the lonely cliff-edge between Bacton and Mundesley. #approx#ghost
52.89252556411176, 0.9925961364185237 The Phantom Hound of Clip Street Lane https://www.hiddenea.com/shuckland/bale.htm A grandmother encountered the legendary Black Shuck just outside the gate of her bungalow on a green lane in Bale. This eerie sighting of the spectral hound was passed down through family recollections across generations. #ghost
52.81679528737123, 1.2865743157545715 The Haunted Portrait and Armchair of Banningham Rectory https://www.edp24.co.uk/lifestyle/20779702.weird-norfolk-picture-chair-retain-haunting-memory-past/ Antiquarian Bryan Hall acquired a haunted portrait of Henrietta Nelson and a spectral George III armchair, both of which brought paranormal manifestations to his home. #ghost
52.61706712853463, 1.0917423893092248 The Phantom Footmen of Barford https://hauntedhosts.com/haunted-places/norfolk/location/1245-phantom-footmen-of-barford/ In the early hours of September 1, 2013, a motorist driving along Watton Road between Barford and Kimberley narrowly avoided three silent figures dressed in Georgian-era clothing standing in the middle of the road. Subsequent inquiries confirmed that no costume events or re-enactments were taking place in the area that night. #approx#ghost
52.737910180687194, 1.4962115035755343 The Face in Barton Broad https://ludchurchmyblog.wordpress.com/places-further-afield/ghosts-and-legends-of-the-norfolk-broads/about/the-face-in-barton-broad/ The ghostly face of a tragic medieval woman materializes and floats across the surface of Barton Broad on early August mornings. #ghost
52.709807143389305, 1.5811037894961402 The Phantom Coach of Bastwick https://watermillsandmarshes.org.uk/ghosts-myths-and-magic-in-the-broads-national-park/ Following a bargain struck with a witch for a love potion, a newlywed bride is abducted from her wedding reception in Bastwick by the devil in a skeleton-driven coach. The fiery carriage ultimately plunges into the water at Potter Heigham bridge. #ghost
52.62123781957344, 0.5733282211641629 Diana and Her Spectral Hounds https://www.hiddenea.com/norfolkb.htm The isolated ruins of All Saints church are said to be haunted by the ghostly apparition of Diana accompanied by supernatural hounds. This haunting stems from local folklore connecting the site to ancient pagan deities and phantom packs roaming the countryside. #ghost
52.94102047842018, 1.234719440851326 The Farmer and the Hooded Spectre https://www.edp24.co.uk/news/20813666.weird-norfolk-farmer-ghost-beeston-regis/ A furious Norfolk farmer was continually terrorized by a hooded grey ghost that leapt from behind a glacial boulder to spook his horses at sunset. To lay the spirit to rest, he requested that the very boulder be placed atop his grave upon his death. #ghost
52.55889339351264, 1.4148564995794881 The Black Shuck of Cooke's Lane https://www.hiddenea.com/shuckland/berghapton.htm A cyclist riding home late at night encountered a ferocious, snarling black hound that suddenly lunged from a roadside pond before vanishing directly into a solid wall. #approx#ghost
52.92012460720036, 0.9460599718229231 The Black-Hooded Monk of Binham Priory https://binhampriory.org/history-2/articles-documents-registers-burial-memorials/binham-priory-ghost/ A spectral Benedictine monk is frequently sighted walking along a high ledge inside the parish church and haunting the ruins of the medieval priory. Local folklore links the phantom to subterranean tunnels and the tragic imprisonment of a former prior. #ghost
52.87551642555613, 0.6547589246617929 The Haunted Squash Courts of Bircham Newton https://www.edp24.co.uk/news/20769633.weird-norfolk-ghostly-airmen-bircham-newton-whose-eerie-voices-captured-tape/ While playing alone in the disused squash courts at the former RAF base in Bircham Newton, a film crew member encountered the spectral figure of an airman. Subsequent audio recordings made inside the building captured phantom footsteps, aircraft engine noises, and wartime chatter. #ghost
52.95568641746867, 1.0178037133329305 The Fiddler of Blakeney Tunnels https://knockonceforyes.com/2017/07/02/paranormal-postcards-blakeney/ A local musician who ventured into the subterranean smuggler tunnels beneath Blakeney Guildhall playing his instrument vanished without a trace. His mysterious disappearance is now permanently commemorated on the village sign. #ghost
52.628176549832865, 1.4494948864498973 The Spectral Duel of Blofield https://www.eveningnews24.co.uk/news/22337388.weird-norfolk-everything-need-know-countys-busiest-ghost/ Sir Thomas Boleyn and Sir Thomas Paston return to Blofield each year to engage in a fierce nocturnal duel with burning swords, watched over by Anne Boleyn from her carriage. #approx#ghost
52.640395599331484, 0.8212212285734062 The Screaming Gibbet https://www.eveningnews24.co.uk/news/23260121.screaming-skeleton-hung-gibbet-bradenham/ A weary farmer riding across a desolate heath on a stormy night has a terrifying encounter with a hanging gibbet when an unearthly scream sounds and a skeletal bone drops from the cage. #ghost
52.96300359380453, 0.6382070502579409 The Nanny of the Ship Hotel https://edwardcouzenslake.substack.com/p/more-spooky-norfolk-stories The historic Ship Hotel in Brancaster is haunted by the ghostly apparition of Lord Nelson's former nanny. #ghost
52.74798291673758, 1.1711169172214055 The Grey Lady of St. Nicholas https://thedarkives.org/uk/england/norfolk/brandiston A spectral Grey Lady is frequently sighted gliding through the churchyard and grounds of old Brandiston Hall, accompanied by sudden drops in temperature and unexplained noises. #ghost
52.377107151555855, 1.2480082749806525 The Mistletoe Bride https://en.wikipedia.org/wiki/Legend_of_the_Mistletoe_Bough During a Christmas wedding celebration at Brockdish Hall, a young bride playfully hides in an old oak chest during a game of hide-and-seek, accidentally trapping herself inside. Years later, her skeletal remains are discovered in her wedding dress, and the tragic tale became a famous English ghost legend. #ghost#mistletoe-bride#private
52.82496448921583, 0.7407670648031256 The Phantom of Mary Bone's Well https://shuckzine.substack.com/p/shuckstack-22 A woman was tragically drowned in an ancient well by a corrupt priest near the historic priory, leaving her ghostly spirit bound to the waters. #ghost
52.61906710496877, 1.4359598857118445 The Bishop of Brundall https://www.broadlandmemories.co.uk/blog/2012/05/quays-without-locks-a-ditch-crawlers-diary/ A ghostly bishop is said to glide down the River Yare past Brundall on a barge rowed by white-robed figures, bestowing blessings twice a year. Witnessing the apparition is believed to bring a year of good health and fortune. #approx#ghost
52.491327202751656, 1.1293928819710501 Kindred Spirits https://www.bbc.co.uk/norfolk/content/articles/2009/02/03/feature_lucy_mccarraher_20090203_feature.shtml An author living in a Norfolk farmhouse is contacted by a friendly phantom seeking to right a 1940s family injustice involving missing estate funds. Through guidance pointing to the local churchyard, she uncovers the ghost's true history and incorporates his tale into her novel. #ghost
52.58174478133525, 1.651126040465923 The Specter of the South Wall https://historyofnorfolk.com/broads/burgh-castle-ghosts/ An eerie apparition of an unknown figure wrapped in a white flag is reportedly seen being hurled over the ruined south wall of the ancient Roman fort. #ghost
52.48420637609444, 1.6710322649574414 The Churchyard Skeleton https://www.hiddenea.com/norfolkb.htm A man who traded his soul to the devil to fund the construction of a village church died before the debt could be collected, leaving a skeletal spirit to haunt the consecrated grounds on the anniversary of his death. #ghost
52.96331103948453, 0.6566698427577824 The Mist on the Coast Road http://www.paullee.com/ghosts/gwn.php Unexplained misty apparitions have been witnessed materializing on the main road between Burnham Deepdale and Brancaster during otherwise clear nights. Travellers navigating this coastal stretch have reported unsettling encounters with drifting vaporous forms. #ghost
52.94628536318116, 0.7286982253646951 The Dumpling Poisoners of Burnham Market https://www.norfolklive.co.uk/news/history/burnham-markets-female-dumpling-poisoners-6784302 Two 19th-century women committed a series of murders by slipping arsenic into food and drink. Following their public execution, their vengeful spirits were said to haunt North Street in Burnham Market. #ghost
52.75566738935861, 1.3083323350125198 The Spectral Dog of Buxton Church https://www.hiddenea.com/shuckland/buxtonwithlamas.htm A young woman walking near Buxton church encountered a phantom black dog that vanished instantly, moments before her brother died in Liverpool. Years later, the village schoolmaster recounted tales of Black Shuck sightings in Buxton. #ghost
52.59700582277527, 1.5328068687266103 The Callow Pit Coffer https://norfolkfolkloresociety.substack.com/p/the-callow-pit-coffer A sunken iron chest filled with treasure lies hidden in a tree-shrouded pond at a remote crossroads, jealously guarded by supernatural forces. Attempts to haul the coffer ashore are thwarted when a single spoken word breaks the required silence, causing the chains to snap and the treasure to vanish forever into the depths. #ghost
52.792959022864494, 0.46895478263056867 The Madness of the She-Wolf https://www.hauntedrooms.co.uk/castle-rising The upper rooms of Castle Rising are haunted by the crazed spirit of Queen Isabella, who is said to pace the corridors and fill the night air with manic laughter and shrieks. Visitors and locals have reported hearing her terrifying outbursts and the rustle of her dress in the historic keep where she spent her final years. #ghost
52.77053985680058, 1.1910300923767343 The Phantoms of Cawston Heath https://norfolkrecordofficeblog.org/2023/06/23/norfolks-final-farewell-to-the-drama-of-the-duel/ Following a fatal 17th-century duel on Cawston Heath, the spirit of Sir Henry Hobart and spectral manifestations are said to haunt the location where the bloody clash took place. #ghost
52.547847902263136, 1.5031830104624828 The Woman in Red of Cross Stone Road https://joemasonspage.wordpress.com/2012/10/19/hardley1/ A phantom woman dressed in scarlet is said to appear and sit upon the post-medieval boundary stone at the road junction near Chedgrave. Locals and travelers traversing the rural lanes have passed down the legend of this spectral figure for generations. #ghost
52.75430791611838, 0.36420503536552673 The Spirit of Margaretta House https://www.hiddenea.com/norfolkc.htm Margaretta House in Clenchwarton is believed to be haunted by the ghost of a woman named Margaret who died in the building and whose grave remains on the property. #private#ghost
52.820723801431186, 1.137271808617011 The Organ of Corpusty https://vaultofevil.proboards.com/thread/6308/james-news?page=22 When a long-silenced organ in a village church is restored against the dying wishes of its 18th-century builder, a terrifying supernatural reckoning is unleashed from beyond the grave. #ghost
52.549360983164746, 0.9884855630464509 The Phantoms of Deopham Green Airfield https://www.invisibleworks.co.uk/ghost-airfields-of-ww2-part-1/ Deopham Green Airfield, the historic World War II base of the USAAF 452nd Bombardment Group, remains haunted by the enduring echoes and atmospheric presence of B-17 Flying Fortresses. #ghost
52.69173499119009, 0.9307993011935648 The Apparition of Sandy Lane https://www.edp24.co.uk/news/20840749.weird-norfolk-headless-ghost-sandy-lane-dereham/ A woman walking home late at night encountered a transparent, floating entity that appeared to scale invisible steps before vanishing into the dark. This marked the first documented sighting of a haunting that repeated along the lane throughout the late 1960s and early 1970s. #approx#ghost
52.84054709490523, 0.5116408695661216 The Tap Room Specter http://www.paullee.com/ghosts/gwn.php The tap room of a Dersingham public house is haunted by the spirit of a young boy who was brutally beaten to death there. His lingering presence is believed to be responsible for various supernatural disturbances in the area. #ghost
52.36599209457209, 1.155565713120956 The Ghosts of the Scole Inn https://www.dissmercury.co.uk/news/21680227.murders-ghosts-bus-crashes---myths-legends-norfolk-pubs/ Built in 1655, the historic coaching inn is haunted by the weeping apparition of a woman murdered by her jealous husband and the phantom highwayman who once rode his horse up its grand staircase. #ghost
52.60291747496075, 0.3770811847426734 The Spectre of The Crown http://www.paullee.com/ghosts/gwn.php The historic Crown pub in Downham Market is haunted by the spirit of a young woman named Emily, whose footsteps and fleeting apparition are frequently encountered by staff in the 15th-century rooms above the old bar. #ghost
52.45781579134801, 1.3958085313431878 The Gentle Spirits of Earsham Hall https://www.greatbritishlife.co.uk/magazines/suffolk/23815574.discover-ideas-exploring-spooky-side-suffolk/ Earsham Hall is haunted by benevolent phantoms whose presence is marked by mysterious faces peering through upstairs windows, echoing footsteps, and dancing orbs on the grand staircase. #ghost
52.86514156672486, 1.1045809881516782 The Smugglers' Secret Tunnel https://www.hiddenea.com/norfolke.htm Placing an ear to the ground at Cross Green is said to reveal the phantom singing of smugglers echoing from a hidden underground passage. #ghost
52.70748402762483, 1.0350440743943705 The Fading Bell of Elsing Hall https://www.hiddenea.com/norfolke.htm A subterranean passage linking Elsing Hall to St. Mary's Church is shrouded in mystery after a hound sent to explore it vanished, leaving only a phantom ringing bell that slowly faded into silence. #ghost
52.90763538548346, 1.2601687108371071 The Bibliophile of Felbrigg Hall https://hauntedpalaceblog.com/2013/04/17/the-ghosts-of-felbrigg-hall/ The spirit of former owner William Windham III is said to haunt the Gothic library at Felbrigg Hall, where he is occasionally spotted reading or sitting by the table. His eternal attachment to his books stems from a fatal injury sustained while rescuing valuable volumes from a burning building in London. #ghost
52.48783900134275, 0.5205600237770256 The Apparition of Mary Barley https://www.feltwell.net/feltwell2/times/ghost_stories.htm An elderly woman dressed in dark clothing and a shawl is occasionally seen wandering at night in Short Beck. She is believed to be the spirit of Mary Barley, who passed away in Feltwell in 1875. #ghost
52.54570860205698, 1.657937860729386 The Long-Necked Entities of Fritton Woods https://www.norfolkfolkloresociety.co.uk/post/26-october-2023 Two people in a parked car after dark encountered two tall, human-like figures with elongated necks standing near a tree. When the car's headlights were switched on, the strange entities vanished behind the trunk. #approx#ghost
52.83097787716954, 0.9562330771232811 Fulmodeston's Unwelcoming Mist https://www.greatbritishlife.co.uk/magazines/norfolk/22610849.13-strange-spooky-norfolk-stories/ In August 2005, a group of walkers exploring the ruined St Mary's Church in Fulmodeston were confronted by a sulphurous white mist, phantom voices, and a ghostly figure walking on non-existent upper floors. #ghost
52.395576819031604, 0.9471736163871695 The Faithful Labrador Ghost https://hauntedhosts.com/haunted-places/norfolk/location/5664-the-labrador-ghost/ A spectral black hound belonging to a former landlord continues to roam the historic halls of a village inn out of eternal canine loyalty. #ghost
52.48164325497806, 1.5352296019175946 The Haunting of Winston Hall https://gillingham-pc.norfolkparishes.gov.uk/2011/11/09/some-interesting-gillingham-buildings/ Winston Hall is renowned for its ghostly auditory phenomena, where witnesses report hearing a rustling silk dress, heavy nighttime footsteps, and a disembodied voice. #ghost
52.571801768121865, 1.732864145062621 The Haunting of Pier House https://www.norfolklive.co.uk/news/norfolk-news/help-my-house-haunted-gorleston-6118225 Residents of a historic quayside home in Gorleston-on-Sea experienced terrifying ghostly activity, ranging from unexplained noises and physical touches to a malevolent entity targeting the homeowner in her dreams. Paranormal investigators were called in to cleanse the property and free the resident from a dark spiritual attachment. #private#ghost
52.807689862949104, 0.9091820999261503 The Spirits of the Coaching Inn https://blueboarguesthouse.com/our-story The historic Blue Boar Inn is haunted by friendly phantom guests who have never quite checked out, accompanied by local legends of secret underground passages linking the building to the parish church across the road. #ghost
52.867925208043005, 0.9241183057610896 Phantom White Dog of Great Snoring https://hauntedhosts.com/haunted-places/norfolk/location/6013-phantom-white-dog-of-great-snoring/ A phantom white hound terrorised travellers and cyclists on a rural road south of Great Snoring just before the Second World War. #approx#ghost
52.9070688114204, 1.2371530907282853 The Shrieking Pits of Gresham Cross https://www.greatbritishlife.co.uk/magazines/norfolk/22610849.13-strange-spooky-norfolk-stories/ A spectral mother dressed in white haunts the ancient woodland pits near Gresham Cross, weeping and wailing as she searches endlessly for her murdered baby. #ghost
52.715024717033664, 0.921908442353195 The Ghost of Gressenhall Workhouse https://www.norfolkfolkloresociety.co.uk/post/the-ghost-of-gressenhall Staff and visitors at Gressenhall Workhouse experienced unexplained paranormal phenomena in the Spong Room, including lights turning on by themselves, moving boxes, flying windows, and phantom footsteps. #ghost
52.52506594914782, 1.612867306199677 The Ghostly Figure of Haddiscoe Dam https://www.express.co.uk/news/uk/2017231/dad-spots-ghost-haunted-road A driver and his colleagues captured video footage of a mysterious, dark-clad figure walking along the treacherous and unpaved Haddiscoe Dam late at night. Local residents later confirmed that the accident-prone road has a long-standing reputation for being haunted. #approx#ghost
52.719975372453355, 1.3018974495576714 The Ghostly Resident of Hainford Hall https://jessicakimx.wordpress.com/tag/hainford-hall-haunted/ Hainford Hall is reputed to be haunted by the spirit of a young girl who tragically died within one of the manor's rooms. #private#ghost
52.81396243855048, 1.5349457011168661 The Legless Ghost of Happisburgh https://benorfolk.co.uk/activities/the-legless-ghost-of-happisburgh/ Farmers walking near Cart Gap encounter a terrifying legless apparition carrying a sack, which eventually vanishes into a well on Whimpwell Street. #ghost
52.523395956336245, 1.2038005686260693 The Haunting of Hapton House http://www.haptonhistory.co.uk/extrapgs/sculfor.php While working upstairs alone in Hapton House, a local cleaner experienced phantom footsteps, doors repeatedly slamming and opening on their own, and flowers moving across shelves. #private#ghost
52.54784244314318, 1.503154003523591 The Woman in Red at Hardley Crossroads https://www.hiddenea.com/norfolkh.htm At a lonely crossroads in Hardley, the apparition of an old woman dressed in red appears at midnight to sit upon a historic stone marker. The site's supernatural reputation dates back centuries, earning it the historic map designation of 'Haunted Gap'. #ghost
52.90524493244043, 0.48966700470439917 The Phantom of the Orange House http://www.paullee.com/ghosts/gwn.php The former home of Count Bentinck in Heacham is said to be haunted by his lingering presence, characterized by the smell of shag tobacco and spectral party sounds. #ghost
52.78691398786402, 0.7378456191393792 The Phantoms of the Wartime Airfield https://www.heritage.norfolk.gov.uk/record-details?MNF3685 The historic structures of the former RAF base extending into Helhoughton parish are frequently reported to be haunted by the residual echoes and spectral manifestations of wartime personnel. Visitors and investigators have encountered unexplained sounds, shadowy figures, and eerie phenomena lingering around the old control tower and command bunkers. #ghost
52.579472088008984, 1.4099945019213358 The Glowing Warriors https://www.norfolkfolkloresociety.co.uk/post/the-glowing-warriors-of-hellington Ghostly lights flicker across Hellington Common at dusk, believed by locals to be the restless spirits of ancient warriors from historic battles. #approx#ghost
52.56748654151638, 1.174700344633322 The Wandering Airman of Hethel http://www.wcremembered.co.uk/ghosts.html Following his death from combat wounds at a nearby medical facility, the spirit of a USAAF bomber crew member continually walks the nocturnal path back to his wartime airfield. Local residents report encountering his phantom figure roaming between the hospital grounds and the old base. #ghost
52.59729525410236, 1.1748394409024796 The Faines of Hethersett https://www.norfolkfolkloresociety.co.uk/post/the-faines-of-hethersett Calf-sized spectral creatures with glowing saucer-eyes and phantom hounds have historically haunted rural lanes and open fields in Hethersett. #ghost
52.73474808748266, 1.5703861115064757 The Phantom Drummer Boy of Hickling Broad https://ghostcatcherisles.com/2023/12/16/drumbeats-of-the-past-uncle-geralds-fateful-meeting-with-the-hickling-drummer-boy/ On cold February evenings, the ghost of an 1815 drummer boy who drowned while skating across Hickling Broad to meet his forbidden lover can still be heard beating his drum across the ice. #approx#ghost
52.55669241516077, 0.39155699761390705 The Pin and the Church Ghost https://www.hiddenea.com/norfolkh.htm In 1940s Hilgay, children believed that sticking a pin into the door of All Saints church and running around the building three times would summon a ghost. #ghost
52.57939173649273, 0.9838407132623799 The Grey Lady of the Dog Inn https://www.norfolkpubs.co.uk/norfolkh/hingham/hingdog.htm A spectral grey lady frequently haunted a young child's bedroom at the Dog Inn in Hingham, sitting at the foot of the bed while the family dog refused to enter the room. #private#ghost
52.63298002160498, 0.7869231324574655 The Midnight Coach of Holme Hale Dale https://norfolkfolkloresociety.substack.com/p/norfolk-folklore-society-march-2024-a10 A spectral carriage pulled by headless horses and driven by a headless coachman relives a fatal runaway accident at midnight. On certain nights, the phantom coach hurtles down Holme Hale Dale and overturns with an unearthly scream. #approx#ghost
52.799329935974555, 1.4487369127350096 The Ghost Donkey of Honing https://www.eadt.co.uk/news/21271015.many-26-mythical-beasts-east-heard/ A translucent white donkey exhaling sulphurous smoke haunts the grounds of St Peter and St Paul church in Honing. The spectral animal terrifies onlookers by galloping at high speed and phasing straight through solid masonry. #ghost
52.75423302288828, 1.6262682789362273 The Devil's Visit to Brograve Mill https://nationalparks.uk/2024/09/30/discover-folklore-of-the-broads/ After losing a wager against the devil, a hard-drinking landowner locked himself inside a remote drainage mill where his spirit and phantom rider continue to haunt the surrounding wetlands. #ghost
52.72420571992824, 1.3560097982901533 The Phantom of Horstead Mill Pond https://www.hiddenea.com/norfolkh.htm A heartbroken servant girl who drowned herself after being abandoned by her lover is said to haunt the waters, appearing with a spectral apparition of her own lifeless body in her arms. Witnesses occasionally report seeing her near the site of the old mill. #ghost
52.947210305202354, 0.5169409759922304 The Ghostly Carpet of Hunstanton Hall https://www.visitwestnorfolk.com/news/13-haunted-locations-in-and-around-kings-lynn/ Following the destruction and distribution of her cherished Persian rug, an 18th-century matriarch returned from the dead to haunt her ancestral estate. The vengeful spirit of Dame Armine Le Strange continues to pace the corridors of Hunstanton Hall in lingering fury. #private#ghost
52.77904302089793, 1.5438879743636784 The Transparent Lady of Ingham https://norfolkfolkloresociety.substack.com/p/norfolk-folkloresociety-november-c1d A transparent ghostly figure haunts the old gravel pit behind Holy Trinity Church in Ingham, where nineteenth-century church renovations also uncovered nineteen skeletons guarding a secret underground passage. #ghost
52.86638631308291, 0.5082429461805532 The Phantom Carriage of Ingoldisthorpe Manor http://www.paullee.com/ghosts/gwn.php A spectral carriage carrying a former resident has been witnessed departing the long-lost Ingoldisthorpe Manor and heading towards Mount Amelia Hall. Local teenagers who staked out the route in the 1950s famously swore they saw the ghostly vehicle pass by. #ghost
52.82988256826452, 1.1889513498428927 Itteringham Mill Ghost https://www.norfolkmills.co.uk/Watermills/itteringham-ghost.html An ancient miller's ghost haunts his former watermill on the River Bure after it is converted into a modern residence, confronting the renovator about the changes made to the machinery. #private#ghost
52.75729684786655, 0.39706561451811523 The Haunting of the Exorcist's House https://flickeringlamps.com/2017/04/07/a-17th-century-cottage-with-an-unusual-past-the-exorcists-house-of-kings-lynn/ Following the death of its eccentric former occupant, a 17th-century cottage in King's Lynn became haunted by the apparition of his late wife. Subsequent residents of the historic home have reported sighting her ghost in the living room. #private#ghost
52.80923943305762, 1.5664664541876432 The Phantom Hound of Eccles Sand Dunes https://www.hiddenea.com/shuckland/lessingham.htm A spectral black hound with fiery eyes haunts the midnight dunes near Lessingham, bringing fatal doom to anyone who meets its gaze. #ghost
52.90661478919909, 1.0634064949223148 The Ghost of Lord Cozens-Hardy https://ipo.blog.gov.uk/2017/08/08/summer-destinations-for-creatives-and-inventives/ Patrons visiting a Norfolk village pub were once so unnerved by the spectral presence of a former judge that they refused to walk home alone at night. #ghost
52.76948570767184, 1.452847537794429 The Silent Sailor of Smallburgh https://canalriverhub.co.uk/ghost-stories-uk-canal-system/ Passers-by near Smallburgh have reported seeing a spectral sailor standing motionless and gazing out at the canal. He is believed to be a mariner who met his tragic fate in the canal waters and now eternally watches over them. #approx#ghost
52.879266167175416, 0.5108599636746237 The Snettisham Ghost Who Asked for a Favour https://www.edp24.co.uk/lifestyle/20711644.weird-norfolk-snettisham-ghost-asked-favour/ In 1893, a reluctant psychic named Mrs Goodeve was visited in the night by spirits who instructed her to travel to Snettisham and deliver a posthumous message. She faithfully followed their detailed nocturnal instructions to meet at St Mary's Church and pass a final token to the deceased man's daughter. #ghost
52.52614004900517, 0.3904439057724707 The Spectral Wolf of Southery https://www.norfolkfolkloresociety.co.uk/post/the-spectral-wolf-of-southery A monstrous, donkey-sized spectral wolf haunts the ruined church of St Mary in Southery on its annual feast day. Hearing the phantom beast's terrifying howl is said to bring certain death within a year. #ghost
52.88922551988298, 1.3804773048405876 The Lantern Man of Jack o' Lantern's Lane https://www.edp24.co.uk/news/20750646.weird-norfolk-ghostly-lantern-man-alderfen-broad/ A malevolent ghostly light known as the Lantern Man haunts the remote lane connecting Gimingham and Southrepps, terrorising unwary travellers. Anyone who crosses his path risks having their lights smashed or being relentlessly pursued to their homes. #ghost
52.68825740286409, 1.3096538526230794 The Spectres of Spixworth Hall https://www.edp24.co.uk/news/20758588.weird-norfolk-man-plaything-ghosts-dark-wild-night-one-weird-old-houses-spixworth/ While staying overnight at the Elizabethan Spixworth Hall, young Arthur Longe was visited in strict succession by a glowing apparition of an old watchman, a phantom woman holding a candle, and a terrifying midnight shriek. #private#ghost
52.53318848902493, 1.075609937652589 The Phantom of Dinah's Lane https://www.spoonerrow.f2s.com/historic.htm Local folklore recalls the tragic fate of Dinah Bunting, a woman who was hanged from a tree for theft and whose name endures along a quiet lane in Spooner Row. Her lingering spirit is said to haunt the route where she met her execution. #ghost
52.538248505430076, 1.6240809595419063 The Apparition of St Olave's Priory https://www.mirror.co.uk/news/uk-news/moment-creepy-apparition-monk-captured-33654962 Ghost hunters investigating long-standing reports of a ghostly monk at a ruined medieval priory captured footage of an inexplicable white figure lurking in a doorway. Upon reviewing their video evidence, the investigators confirmed the apparition could not be debunked as light glare or reflection. #ghost
52.77187084511778, 1.5164356085413317 The Spirit Photographs of St Mary's Church http://www.greatbritishghosttour.co.uk/Pages/England/Norfolk/Stalham.html Dating back to the 14th century, St Mary's Church in Stalham became famous when unexplained spirit photographs were captured inside its ancient walls. #ghost
52.9599681242735, 0.9378052267472897 The Screaming Cockler of Blacknock Sandbank https://historyofnorfolk.com/northnorfolk/nancy-screaming-cockler/ A headstrong 19th-century cockler named Nancy refused to leave the mudflats before filling her sack, becoming trapped by a sudden dense fog and rising tide. She drowned while screaming curses at the elements, and her vengeful spirit now haunts the Stiffkey saltmarshes. #approx#ghost
52.73239983037575, 1.290443320098721 The Burial of the Fiddler https://www.hiddenea.com/norfolks.htm A musician and his cart are said to lie interred beneath a tree-shrouded earthwork known as Fiddler's Hill. #ghost
52.61870717479824, 1.4773296926112889 The Cursed Goat's Head of Strumpshaw https://www.edp24.co.uk/news/20811349.weird-norfolk-cursed-goats-head-strumpshaw/ A mounted goat's head brought to a Norfolk pub in 1908 unleashed decades of poltergeist activity, tragic accidents, and bizarre hauntings that persisted even after repeated attempts to destroy or banish the relic. #ghost
52.6166409313009, 1.4086103600295148 The Ghostly Patron of the Ferry House https://surlinghamferry.co.uk/our-history/ A phantom man and his loyal dog are said to haunt a historic riverside inn, mysteriously making any half-pints of beer left out overnight disappear. #ghost
52.64894647284033, 0.6892113468747012 The Phantoms of The George Hotel https://timesofindia.indiatimes.com/travel/destinations/the-gay-ghost-of-the-george-hotel/articleshow/36764145.cms Ghost hunters investigating a historic Norfolk coaching inn discover multiple active spirits, including the infamous Green Lady and an unexpected mischievous presence in the dry store room. Guests and staff report chilling encounters ranging from unnerving room disturbances to physical contact. #ghost
52.7162184728712, 0.9880124129512478 The Phantom Hound of Swanton Morley https://www.hiddenea.com/shuckland/swantonmorley.htm In the winter of 1939, a young soldier cycling past All Saints Church in Swanton Morley was unexpectedly accompanied by a large, silent black dog along a country lane. #ghost
52.84736785067908, 0.99794089103617 The Mystery of the Swanton Novers Rectory http://strangeco.blogspot.com/2014/06/newspaper-clipping-of-day_4.html In 1919, the rectory in Swanton Novers was besieged by inexplicable showers of water and inflammable liquids dripping from its ceilings, leading to a sensational investigation and accusations against a young servant girl. #private#ghost
52.52843409013419, 1.2469728610680548 The Apparition of Amy Robsart https://flordonhistory.webnode.page/rainthorpe-hall/ The tragic Elizabethan noblewoman Amy Robsart is said to haunt the grounds of Rainthorpe Hall every September. On the anniversary of her death, her apparition appears in the gardens alongside a gentleman. #private#ghost
52.677397113173356, 1.2083318651992645 The Deserter of Ghosthill Wood https://www.norfolklive.co.uk/news/history/paranormal-haunted-woodland-taverham-norfolk-5889319 Ghosthill Wood is haunted by the spirit of a First World War deserter who accidentally trapped and hanged himself at the top of a tree, as well as the phantoms of ancient Saxon warriors. #ghost
52.763048803778155, 0.28169083870050193 The Phantom Hound of Beacon Hill Farm https://www.hiddenea.com/shuckland/terringtonstclement.htm Walking near a farmhouse in Terrington St Clement prior to the First World War, a local woman encountered a spectral black hound that proved to be entirely incorporeal. When she attempted to stroke the dog walking beside her, her hand passed straight through its form. #ghost
52.96646621923598, 0.571785355545882 The Haunting of Thornham Staithe https://www.worldofbooks.com/products/haunting-of-thornham-staithe-book-james-warden-9781803810454 Unexplained deaths and terrifying hauntings grip a Norfolk coastal village, leading the local vicar and two paranormal investigators to uncover a dark supernatural threat. When the village historian is pushed to the brink of madness and a former Deliverance Minister must be summoned, the community faces perilous consequences. #approx#ghost
52.68206567242016, 1.5499092246577328 The Ghost of Thurne Mouth https://ludchurchmyblog.wordpress.com/places-further-afield/ghosts-and-legends-of-the-norfolk-broads/about/the-ghost-of-thurne-mouth/ Following a violent murder driven by romantic jealousy and family betrayal, the restless ghost of a local bailiff wanders the marshes near the mouth of the River Thurne. #approx#ghost
52.860354206708124, 0.9351800691409511 Old Tom https://newsfromnorfolk.uk/2018/10/24/old-tom-a-ghost-story/ A disfigured veteran of the Irish Wars named Old Tom, who lived in Thursford Wood, would visit the local parsonage on autumn nights before his spirit became a haunting presence in the village. Years later, his ghostly figure and tapping crutch are said to still roam Thursford Wood and the surrounding low roads. #ghost
52.461425396992034, 1.150607738552195 The Ghostly Tannoy Voice of Tibenham Airbase https://hauntedhosts.com/haunted-places/norfolk/location/12481-ghostly-tannoy-voice/ An abandoned World War II airfield in Norfolk is haunted by phantom sounds, including an echoing tannoy voice barking orders and the rumble of a warming bomber engine. Witnesses have reported hearing these spectral broadcasts long after the base's operational years. #ghost
52.72377931623042, 0.3059692326530672 The Haunting of Ivy Farm http://www.paullee.com/ghosts/gwn.php Occupants of a historic farmhouse in Tilney All Saints have reported eerie phenomena and unsettling presences within its walls. Subsequent residents investigated the property's reputation for unexplainable activity. #ghost
52.61126261917848, 1.3211119155589075 The Weeping White Ghost Horse https://www.eadt.co.uk/news/21271015.many-26-mythical-beasts-east-heard/ Following a tragic drowning in the freezing waters of the River Yare, a phantom white horse with tear-filled eyes has been reported roaming the village of Trowse. The mournful apparition is linked to a mother who slipped beneath the ice while her young son watched helplessly from the riverbank. #approx#ghost
52.93117331667387, 1.1888381772089067 The Sheringham Mermaid https://www.hiddenea.com/norfolku.htm Drawn inland by the sound of church singing, a mermaid was barred from entering a village church before managing to sneak inside. Her presence is commemorated to this day by a carved wooden bench end. #ghost
52.838917324833055, 1.5097949772932358 The Long Coastguardsman https://www.edp24.co.uk/lifestyle/20619282.norfolk-cliff-haunted-ghostly-coastguard/ Betrayed by a double-crossing informant and brutally murdered by smugglers on the Norfolk coast, a coastguardsman's spirit is condemned to endlessly patrol his final post. #ghost
52.93105954005833, 0.916384287444764 The Fiddler of Fiddler's Hill https://www.hiddenea.com/norfolkb.htm A local fiddler and his dog entered a subterranean monk's tunnel beneath an ancient Norfolk mound, but only the terrified dog returned while the musician vanished forever. Alongside his disappearance, the apparition of a black monk continues to haunt the site. #ghost
52.560340239160205, 0.8354098162427488 The Ghosts of Wayland Wood https://benorfolk.co.uk/activities/the-legend-of-babes-in-wayland-wood/ The spirits of two young orphaned children, abandoned in a dark Norfolk forest by their treacherous uncle seeking an inheritance, are said to wander the trees wailing in the dark. #ghost
52.779785473161134, 1.6161230874838564 The Ancestral Banquet of Waxham Hall https://occult-world.com/waxham-hall/ On New Year's Eve, an eccentric Norfolk baronet hosted a ghostly banquet for the shades of his ancestors in his ancestral home. As midnight struck, the phantom guests vanished, leaving him alone in the freezing hall. #private#ghost
52.74964296441767, 0.7343449626326993 Grey Lady of Weasenham Woods https://www.yorkghostmerchants.com/ghost-stories-shortlisted/project-one-r7h53-dklz7-r5993-g6msr-4lth8 While staying at her late great aunt's cottage in Weasenham, a recovering librarian experiences a terrifying encounter with the grey lady of Weasenham Woods during her autumn evening walks. #approx#ghost
52.471064548597894, 0.616368840435337 The Phantoms of Weeting Castle https://great-castles.com/weetingghost.html Visitors to the medieval ruins of Weeting Castle have reported paranormal phenomena, including unexplained mists, disembodied voices, and encounters with the spectral hound Black Shuck. #ghost
52.93534380288112, 0.8493018135822687 The Tragedy of Cuckoo Lodge https://normaexplores.substack.com/p/three-haunted-places-of-norfolk Cuckoo Lodge at Gallows Hill in Wells-next-the-Sea is haunted by the tragic spirit of a young girl who drowned in its deep garden well near a historic execution crossroads. #ghost
52.59110800608888, 0.4600338936771007 The Pig-Faced Monk of West Dereham https://www.hiddenea.com/norfolkw.htm A spiteful ghost of a monk with a pig-like face is said to haunt West Dereham after resenting the construction of a secret tunnel built to hide his facial deformity. The subterranean passage allegedly connected St. Andrew's Church to the 12th-century abbey. #ghost
52.786979388523065, 0.7377370274148719 The Phantoms of RAF West Raynham https://ghostcatcherisles.com/tag/raf-west-raynham/ The abandoned buildings of a World War II air station are plagued by multiple restless spirits, including a downed Polish pilot and a tragic mechanic. Their lingering presences continue to haunt the officer's mess, chapel, and armoury. #ghost
52.84053323817978, 1.2105068704690252 The White Lady of Wolterton Hall https://occult-world.com/wolterton-hall/ A spectral white lady is said to haunt Wolterton Hall to warn the Walpole family of impending tragedy or death. Additionally, a phantom hearse and the spirit of Lady Walpole are reported to roam the estate. #ghost
52.78290231384429, 1.4118749125401513 The White Lady of St Mary's Church https://www.thewhitelady.co.uk/story A ghostly white lady haunts St Mary's Church in Worstead, having reportedly frightened a skeptic to death on Christmas Eve and later appearing clearly in a 1975 tourist photograph. While some traditions warn that seeing her foretells doom, visitors have also experienced her presence as a comforting and healing influence. #ghost
52.70238930027946, 1.4019127725281768 The Care Home Apparition https://ghostcatcherisles.com/2009/07/09/paranormal-experience-wroxham-norfolk-uk/ An assistant manager staying in an upstairs flat of a century-old care home in Wroxham witnessed a grey mist transform into a human figure at midnight. The building is also said to be haunted by the spirit of a World War II Italian prisoner of war and other unexplained phenomena. #private#ghost
52.57030104052149, 1.108155796702963 The Phantoms of the Reformation Choir https://thehauntedhub.co.uk/norfolk/wymondham-abbey/ During evensong, disembodied voices fill the empty pews of the abbey while mysterious candlelight flickers in the dark. These spectral monks and parishioners are said to be souls lost during the Reformation. #ghost
51.71009470198326, -2.2055252092965314 The Ghost of Tom Long https://www.greatbritishlife.co.uk/magazines/cotswold/24600477.cotswold-ways-fascinating-tales-dashing-highwaymen/ The notorious eighteenth-century highwayman Tom Long is said to haunt the Amberley Inn and the crossroads on Minchinhampton Common that bear his name. Visitors and guests have reported hearing inexplicable footsteps and witnessing a spectral horseman roaming the roads where he met his end. #ghost
51.80002998349037, -2.4165455420375372 The Grey Lady of Slowwe House https://mysticaltimesblog.com/the-hauntings-of-arlingham-gloucestershire/ During renovations in the 1970s, residents of Slowwe House repeatedly encountered the spectral apparition of a woman in a grey dress and bonnet. The phantom was witnessed moving across the courtyard, wandering the upper landing, and standing silently in the guest bedroom. #ghost#grey#private
51.6087975409742, -2.653774090723158 The Royalist Ferryman of Beachley https://www.greatbritishlife.co.uk/magazines/cotswold/25326356.exploring-old-ferry-routes-across-severn-estuary/ During the English Civil War, a hostile ferryman deceitfully marooned two Royalist Cavaliers on a Severn Estuary sandbank where they drowned in the rapidly rising tide. Today, their spectral figures are said to haunt the shores near the old crossing. #ghost#approx
51.42207397767622, -2.45895560399092 The Grey Lady of St Mary's https://www.stmarysbitton.org.uk/heritage/1297-2/ St Mary's Church and the nearby Grange in Bitton are reputed to be haunted by the apparition of a Grey Lady. #ghost#grey-lady
51.938713267287824, -1.7112057176459992 The Phantom Walker of Broadwell's Monarch's Way https://www.cotswoldsguidedtours.co.uk/broadwell At twilight, walkers on the Monarch's Way footpath between Stow-on-the-Wold and Broadwell frequently encounter an elderly woman in period dress carrying an umbrella who mysteriously vanishes when approached. #ghost
51.61808077846876, -2.407300400301598 The Ghost Children and the Woman in Black of Charfield https://the-line-up.com/charfield-railway-disaster-children-mystery Following a horrific 1928 railway disaster in Charfield, two unidentified child victims and a mysterious woman in black visiting their mass grave became the subjects of enduring local folklore. Locals have long reported sightings of spectral children standing hand-in-hand near the tracks, patiently waiting to be identified. #ghost
51.81940121280254, -1.9249552269016135 The Screams Beneath Chedworth Roman Villa https://h2g2.com/edited_entry/A550793 Local residents report hearing the haunting, phantom screams of young boys echoing from beneath the ancient hypocaust flooring of Chedworth Roman Villa at night. According to local lore, these sounds recall children who were trapped and burned alive while stoking the Roman heating systems. #ghost#roman
51.65732886574972, -2.1261585016338223 The Haunting and Tumultuous History of the Trouble House Inn https://www.thetroublehouse.co.uk/history/ Built in the mid-18th century in the parish of Cherington, the isolated roadside inn known as the Trouble House became a magnet for tragic misfortune, violent riots, and the apparition of a phantom "Lady in Blue." Over the centuries, successive owners and patrons encountered supernatural disturbances, moving objects, and dark legends stemming from its turbulent past. #ghost
51.77107910501049, -2.614337546503641 The Ghost Miner of Clearwell Caves https://www.higgypop.com/hauntings/clearwell-caves/ A shadowy, benevolent spirit known as "th'old mon" roams the ancient subterranean iron ore workings of Clearwell Caves, where he has been seen assisting lost visitors and technicians. This ghostly miner remains a fixture of local folklore in the Forest of Dean. #ghost#cave
51.727640504302045, -2.33282927817784 The Ghostly Bell-Robbers of Coaley https://www.greatbritishlife.co.uk/magazines/cotswold/24804139.cotswold-ways-walk-ghostly-tale-frocester-bells/ Four young men from Coaley attempted to steal a historic church bell, only to be thwarted by the transparent, furious ghost of the woman who had originally donated it. #ghost
51.72863882675257, -2.0826619315409807 The Ghosts and Legends of Sapperton Tunnel https://www.cotswoldcanals.org/the-ghost-of-sapperton-tunnel/ Deep within the historic Sapperton Tunnel on the Thames and Severn Canal near Coates, canal lore and local legends tell of phantom echoes, dancing shadows, and Peglars Wharf where unruly passengers were once abandoned in total darkness. #ghost
51.45194530915976, -2.3609454502692393 The Phantom Butler of Cold Ashton Manor House https://www.somersetandbathparanormal.co.uk/cold-ashton-manor-house-cold-ashton-near-bath During the 1930s, a lost motorist named Lady Winifred Pennoyer stopped at Cold Ashton Manor House for directions and tipped a butler half a crown, only to later discover the building was completely empty and locked, with her coin resting on the doorstep. #ghost#private
51.4402673681649, -2.4002391666356218 The Spectres of Freezinghill Lane https://toghillhousefarm.co.uk/the-legend-of-freezinghill-lane/ Freezinghill Lane in Cold Ashton is marked by a distinctive line of beech trees known as the Caterpillar and is frequently haunted by ghostly apparitions of seventeenth-century soldiers from the English Civil War. #ghost#soldier
51.85433523540701, -1.895427222913795 The Highwayman of the Puesdown Inn https://www.bbc.co.uk/gloucestershire/focus/2003/05/ghost/ghosts_puesdown.shtml The historic Puesdown Inn in Compton Abdale is said to be haunted by a highwayman known as "The Duke," who staggered to the inn after being shot nearby and hammered on the door before dying on the threshold. #ghost#highwayman
51.667478001339525, -1.859160982362202 The Haunting and Exorcism at All Saints' Church https://www.cantab.net/users/michael.behrend/repubs/j_geomancy/am18/pages/observatory_am18.html In the late 1970s, All Saints' Church in Down Ampney was plagued by unexplained phenomena, including self-slamming doors, flying objects, and a heavy spiritual chill that prompted an official exorcism. #ghost#exorcism
51.815659115318546, -2.4757488233122187 The Servant of Littledean Hall https://www.theforester.co.uk/news/exploring-the-haunting-tale-of-the-black-ghost-of-littledean-hall-892616 According to local legend, Littledean Hall is haunted by the audible spirit of an enslaved black servant who murdered his young master, Charles Pyrke, in revenge for a grievous betrayal. The tale is immortalised by an 18th-century portrait hanging in the hall known as *The Red Boy*. #ghost#site#approx
51.79181621110827, -2.37084873417969 The Ghost of the Darell Arms https://www.gloucestershirepubs.co.uk/pubs/darell-arms-the-passage-lower-framilode-gl2-7lf/ For years, landlords and residents of the Darell Arms at Framilode Passage experienced unexplained phenomena, culminating in an alarming physical encounter when a landlord's shirt was violently torn from his back by an unseen force. #ghost
51.7278591794471, -2.3327399286552324 The Ghostly Guardian of the Frocester Bells https://www.greatbritishlife.co.uk/magazines/cotswold/24804139.cotswold-ways-walk-ghostly-tale-frocester-bells/ Four men attempting to steal church bells from the abandoned St Peter's Church in Frocester were thwarted by the ghostly apparition of a devout woman who had cast her own jewels into the bell metal in 1639. To this day, her phantom continues to haunt the lonely church tower and graveyard. #ghost#church
51.86842561174047, -2.249136242884202 The Christmas Ghost of St Mary de Lode https://www.greatbritishlife.co.uk/magazines/cotswold/22566666.gloucester-ghost-walk---spanish-ship-christmas-ghost/ A fourteenth-century priest who drowned at sea while returning from Rome kept his solemn vow to his congregation by appearing as a phantom to conduct the Christmas morning service. To this day, his hooded apparition is said to return to oversee the church's holiday worship. #ghost
51.666652757332194, -1.769141211289705 The Lady of the Mist http://highworthhistoricalsociety.org.uk/kempsford-ghost-stories/ Lady Maud haunts the riverside path at Kempsford, where villagers report seeing her ghostly figure floating above the water in the moonlight. Local tradition ties her haunting both to her grief over a drowned brother and to a tragic medieval murder at the site of the former castle. #ghost
51.728165728148646, -2.2875598721766335 The Glowing Monk of Leonard Stanley https://www.gloucestershirepubs.co.uk/pubs/white-hart-the-street-leonard-stanley-gl10-3nr/ A tall, pale green glowing hooded monk has been witnessed gliding from the church gates past the local village pub by residents and clergy over the decades. #ghost#monk
51.84657098752453, -2.590947498592374 The Secret Room and Haunting of The Priory in Lower Lydbrook https://en.wikipedia.org/wiki/Lydbrook Built in the late 15th or early 16th century as Lidbrook Farm, The Priory in Lower Lydbrook is steeped in local folklore regarding a secret priest hole, underground escape tunnels, and persistent accounts of ghostly hauntings. #private#ghost
51.70915002309111, -2.1652727475854125 The Tragedy of the Ragged Cot https://theraggedcot-minchinhampton.com/the-story-of-the-ragged-cot-haunted-by-ghosts/ An 18th-century innkeeper who attempted to rob a stagecoach returned home to find his wife and infant son dead at the foot of the stairs, beginning centuries of haunting spectral phenomena at the coaching inn. #ghost
51.69183764728104, -2.221101809802035 The Apparition of Arnold's Lane https://www.gloucestershirelive.co.uk/whats-on/whats-on-news/spookiest-gloucestershire-areas-mapped-see-9675659 Arnold's Lane in Nailsworth is said to be haunted by the unclear apparition of a wealthy man who was murdered there in the 1880s. #ghost
51.92788800406745, -1.6599890243117545 The Restless Sexton of St Nicholas's https://www.greatbritishlife.co.uk/magazines/cotswold/24525547.cotswolds-walk-oddington-bledington/ In the 1940s, an anxious church sexton who took a Bible home to protect it from a leaking roof died before returning it, leading his wispy apparition to haunt his son until the book was brought back to St Nicholas's Church. #ghost
51.636490081153454, -2.317703343719699 The Monastic Phantoms of Newark Park https://www.greatbritishlife.co.uk/magazines/cotswold/22601922.evening-ghost-stories-newark-park Local legend maintains that Newark Park in Ozleworth is haunted by the restless spirits of medieval monks whose abbey stones were repurposed to build the 16th-century hunting lodge. Visitors and staff have long reported disembodied voices, phantom footsteps, and sightings of hooded figures roaming the historic estate. #ghost#monk
51.917588210833465, -2.0427908787608113 The Ghostly Messenger of Shaw Green Lane https://prestburyparish.co.uk/history/haunted-prestbury A medieval messenger riding to the Battle of Tewkesbury in 1471 was killed by an archer in Prestbury, and his phantom horseman continues to haunt the lane where road workers later discovered his skeletal remains pierced by an arrowhead. #ghost#approx
51.7342704599021, -2.470448071980784 The Fiddlers of Fiddler's Pool https://www.greatbritishlife.co.uk/magazines/cotswold/22565296.gloucestershire-walk---purton-sharpness/ On stormy nights on the River Severn near Purton, the ghostly music of Welsh musicians who drowned in a treacherous whirlpool can still be heard playing from the depths. #ghost#approx
51.76179773396933, -2.2528814610235126 The Galloping Highwaymen of Randwick Woods https://www.stroudnewsandjournal.co.uk/news/17185061.z-haunted-places-ghostly-sightings-near/ Randwick Woods and the underground passages connecting Randwick Church to Moor Hall are steeped in local folklore, where the phantom sounds of galloping hooves echo through the trees at night. In addition to highwayman sightings, a photograph of a resident ghost once hung in the village's Vine Tree pub. #ghost
51.79244549177522, -2.15930350237306 The Lady in Lavender of Sheepscombe https://www.visitstroud.uk/ideas/top-5-haunted-locations-in-the-stroud-district The historic village of Sheepscombe is haunted by the spectral figure of a woman dressed in lavender or mauve clothing. She is frequently sighted in and around The Butchers Arms pub, a haunting linked to a stern woman from the early 19th century who was allegedly responsible for the closure of several local drinking establishments. #ghost
51.69788090277043, -1.9503436164189412 The Specter of Roberts House https://www.gloucestershirelive.co.uk/news/celebs-tv/laurence-llewelyn-bowens-daughter-left-8212950 A 17th-century Cotswold manor house in Siddington is haunted by the tragic legacy of religious persecution, where residents and visitors have long reported chilling paranormal encounters. #private#ghost
51.777078786245895, -2.1790213321178307 The Hangman of Bull's Cross https://www.independent.co.uk/arts-entertainment/call-of-the-wild-5421705.html A high Cotswold crossroads near Slad is haunted by a phantom stagecoach and the tragic ghost of an executioner who mistakenly hanged his own son. #ghost#stagecoach
51.735639792805515, -2.3950067565766515 The Ghostly Boy of The Tudor Arms https://www.stroudnewsandjournal.co.uk/news/11572177.top-five-spooky-spots-in-gloucestershire-revealed/ A bitter eleven-year-old labourer from the Victorian era is reported to haunt The Tudor Arms in Slimbridge, appearing so angry that staff have refused to return to work after encountering him. #ghost
51.66573142982171, -1.9018697239685265 The Ghost of Cerney Wick Lane https://www.southcerneytrust.org.uk/GhostCWLane.html Cyclists returning home after dark along Cerney Wick Lane frequently experienced an overwhelming sense of dread and unseen surveillance, believed by locals to stem from a fatal 19th-century cart accident along the road. #ghost
51.92686685384018, -2.041466314027486 The Phantoms of Southam House https://www.oklahoman.com/story/news/1986/07/06/british-inns-provide-cozy-luxury/62721611007/ The historic Southam House manor in Gloucestershire is said to be haunted by a phantom shepherd leading his flock through the paddocks and a mysterious female spirit who tugs on the sleeves of visitors. #ghost
34.73096211352083, -86.5652748967564 The Legend of the Dead Children's Playground https://www.al.com/life/2020/10/the-legend-of-alabamas-dead-childrens-playground.html Adjoining Huntsville's historic Maple Hill Cemetery, a small park known as the Dead Children's Playground is said to be haunted by the spirits of children who died during the 1918 Spanish Flu pandemic, with visitors reporting self-moving swings and ghostly apparitions after dark. #ghost
61.2179748883411, -149.90063253105478 The Phantom of the Hotel Captain Cook's Restroom https://www.hauntjaunts.net/the-hotel-captain-cooks-haunted-bathroom-a-case-of-a-possessive-potty-poltergeist/ Following a tragic suicide in 1972, the spirit of a young woman took up residence in the women's restroom of Tower 2 at the Hotel Captain Cook in Anchorage, becoming particularly possessive of the final toilet stall. #ghost
35.026346010375356, -114.38351836043516 The Ghosts of the Historic Oatman Hotel https://www.legendsofamerica.com/az-oatmanhotel/ Built in 1902 in the mining town of Oatman, Arizona, the historic hotel is said to be haunted by a mischievous Irish miner named "Oatie" as well as the enduring spirits of famous guests Clark Gable and Carole Lombard. #ghost
41.272629694037256, -73.29689422831382 The White Lady of Union Cemetery https://www.ctinsider.com/living/article/ct-white-lady-union-cemetery-urban-legend-17533746.php A spectral woman in a white Victorian nightgown and veil is said to haunt a historic Connecticut graveyard and the surrounding roads, frequently startling nighttime drivers. #ghost#white-lady
39.16133047121476, -75.52291930172238 The Tippling Ghost of Woodburn Mansion https://archives.delaware.gov/2010/03/17/haunted-delaware/ Woodburn Mansion, the historic governor's residence in Dover, Delaware, is haunted by a playful spirit known as the "tippling ghost" who has a penchant for helping himself to guests' alcoholic drinks. #ghost
