33.89595,-107.09604 Black Cat Report: The Trinity UFO Crash Pt 1: Because it was Getting Late https://podcasters.spotify.com/pod/show/black-cat-report/episodes/1--Pt-1--The-Trinity-UFO-Crash-Because-it-was-Getting-Late-e1koe89 In August 1945, near San Antonio, New Mexico, two boys searching for a lost cow reportedly stumbled on a crashed craft close to the Trinity atomic test site. The case predates Roswell by almost two years and was nearly lost to history until Paola Leopizzi Harris and Jacques Vallée revived it.
34.2319,-82.8944 Black Cat Report: What is the Story Behind the Georgia Guidestones https://podcasters.spotify.com/pod/show/black-cat-report/episodes/4--The-Story-Behind-the-Georgia-Guidestones-e1lke7f The Georgia Guidestones were a granite monument carved with ten cryptic 'commandments' whose meaning was long guessed at and widely condemned. Their secretive creator, 'R.C. Christian', actually wrote a 100-plus-page book explaining exactly what they meant.
42.12389,-73.35472 Black Cat Report: The Berkshires UFO Incident https://podcasters.spotify.com/pod/show/black-cat-report/episodes/13--The-Berkshires-UFO-Incident-e1ob8ve On the night of September 1, 1969, rural Berkshire County in Massachusetts saw upwards of 40 UFO events. People were reportedly abducted in view of witnesses and cars were forced off the road by huge hovering craft.
42.636,-71.908 Black Cat Report: The Andreasson Affair Pt 1: It's Like A Whirlpool https://podcasters.spotify.com/pod/show/black-cat-report/episodes/14--Pt-1--The-Andreasson-Affair-Its-Like-A-Whirlpool-e1olu1g Betty Andreasson's 1967 abduction from her Massachusetts home is one of the most heavily documented UFO cases on record. It was backed by Dr. J. Allen Hynek and scrutinised almost as intensely as the story itself.
17.8806,-92.4789 Black Cat Report: The Pemex UFO Incident: UFOs, Humanoids, Cryptids, Weather Manipulation https://podcasters.spotify.com/pod/show/black-cat-report/episodes/19--The-Pemex-UFO-Incident-UFOs--Humanoids--Cryptids--Weather-Manipulation-e1qaafc On June 1, 1973, Ciudad Pemex in Tabasco, Mexico experienced a UFO flap, close contact, cryptid sightings and a government clean-up crew. Despite the many witnesses, it remains one of the best-kept secrets in UFO history.
35.89,140.66 Black Cat Report: Utsuro-Bune: An 1800's Japanese UFO Encounter? https://podcasters.spotify.com/pod/show/black-cat-report/episodes/21--Utsuro-Bune-An-1800s-Japanese-UFO-Encounter-e1r1h24 In 1803 a strange round vessel carrying a mysterious woman reportedly washed ashore on the coast of Japan. Accounts of the Utsuro-bune leave open whether it was an early close encounter or just a historical oddity.
35.5951,-82.5515 Black Cat Report: Ghosts of Asheville https://podcasters.spotify.com/pod/show/black-cat-report/episodes/23--Ghosts-of-Asheville-e1rnn13 Asheville, North Carolina has a long list of local ghost stories and haunted buildings. This is a tour of some of the city's best-known hauntings.
35.0,-115.5 Black Cat Report: The Mojave UFO Incident Pt 1: Guards & Gremlins https://podcasters.spotify.com/pod/show/black-cat-report/episodes/26--Pt-1--The-Mojave-UFO-Incident-Guards--Gremlins-e1smkjq On October 21, 1989, a couple driving through an empty stretch of the Mojave Desert had a terrifying encounter with a UFO and strange guards. It is an abduction story that is hard to compare with any other experiencer account.
25.50028,-80.445 Black Cat Report: Coral Castle: One Man Unlocks the Truth Behind the Pyramids https://podcasters.spotify.com/pod/show/black-cat-report/episodes/30--Coral-Castle-One-Man-Unlocks-the-Truth-Behind-the-Pyramids-e1tr8kl Ed Leedskalnin single-handedly built Coral Castle in Florida from massive coral blocks, working alone and in secret. How he did it is still debated, with theories ranging from earth energies to alien techniques to lost knowledge.
41.17273,-80.65214 Black Cat Report: The Trumbull County UFO Chase! Police & Citizen Recordings From That Night! https://podcasters.spotify.com/pod/show/black-cat-report/episodes/31--The-Trumbull-County-UFO-Chase--Police--Citizen-Recordings-From-That-Night-e1u4s9p On December 14, 1994, a massive UFO appeared about 50 feet above a neighbourhood in Trumbull County, Ohio. Calls flooded in from citizens and police across several townships as officers chased it through the night.
41.5317,-93.9541 Black Cat Report: The Van Meter Visitor: Old-Timey Mothman Terrorizes an Old-Timey Town https://podcasters.spotify.com/pod/show/black-cat-report/episodes/34--The-Van-Meter-Visitor-Old-Timey-Mothman-Terrorizes-an-Old-Timey-Town-e1v6o5h For five days in 1903, the town of Van Meter, Iowa was terrorised by a huge winged creature with a glowing horn. The townsfolk responded by forming an armed mob to ambush the beast.
40.7108,-73.9958 Black Cat Report: The Brooklyn Bridge UFO Abductions https://podcasters.spotify.com/pod/show/black-cat-report/episodes/41--Pt-1--The-Brooklyn-Bridge-UFO-Abductions-e222pk1 In November 1989, Linda Cortile said she was floated out of her 12th-floor apartment in lower Manhattan into a hovering UFO. Astonishingly, credible eyewitnesses near the Brooklyn Bridge claimed to have seen it happen.
35.6118,-83.4895 Black Cat Report: Smoky Mountain National Park Disappearances and Mysteries https://podcasters.spotify.com/pod/show/black-cat-report/episodes/51--Smoky-Mountain-National-Park-Disappearances-and-Mysteries-e25sg9e Great Smoky Mountains National Park has a long record of strange disappearances, including children who vanished without a trace. Its mysteries range from the Cherokee legend of Spearfinger to a possible UFO crash.
-12.4634,130.8456 Black Cat Report: The Darwin UFO Flap: 15 Years of USOs, UFOs & Orbs https://podcasters.spotify.com/pod/show/black-cat-report/episodes/61--The-Darwin-UFO-Flap-15-Years-of-USOs--UFOs--Orbs-E499_C21-4-4_4081230-e28sfor For about 15 years, the skies and waters around Darwin, Australia produced a run of UFO, USO and orb sightings. The records of the flap stayed buried in obscure government files for over a decade.
-23.4389,-47.0608 Black Cat Report: When UFOs Kill: The Melting Man of Brazil https://podcasters.spotify.com/pod/show/black-cat-report/episodes/64--When-UFOs-Kill-The-Melting-Man-of-Brazil---Joo-Prestes-Death-in-a-High-Strangeness-Disneyland-e29nbbf In 1946, in Araçariguama, Brazil, João Prestes came home after being struck by a mysterious beam of light, and his flesh began to fall away from his bones. Ufologists later uncovered a web of eerie events around the 'Melting Man' death in this hotspot of high strangeness.
37.34034,-95.47692 Black Cat Report: The Benders: American Frontier Family Serial Killers https://podcasters.spotify.com/pod/show/black-cat-report/episodes/65--Pt-1--The-Benders-American-Frontier-Family-Serial-Killers-e2a1puu In the early 1870s, the Bender family ran a roadside inn on the southeast Kansas frontier, and four of them were murderers. Travellers who stopped there began disappearing.
40.012,-86.13782 Black Cat Report: Herbert Baumeister: I-70 Strangler and Fox Hollow Farm Murderer https://podcasters.spotify.com/pod/show/black-cat-report/episodes/68--Pt-1--Herbert-Baumeister-I-70-Strangler-and-Fox-Hollow-Farm-Murderer-e2atv38 Herbert Baumeister is suspected of being the I-70 Strangler, who left bodies along the interstate. He is linked to the remains of at least eleven men found buried at his Fox Hollow Farm estate in Westfield, Indiana.
43.4423,-71.5892 Black Cat Report: The Tilton UFO Incident: Lost Police Recordings of a Close Encounter https://podcasters.spotify.com/pod/show/black-cat-report/episodes/75--The-Tilton-UFO-Incident-Lost-Police-Recordings-of-a-Close-Encounter-e2d2int In 1974, police officers in Tilton, New Hampshire radioed in a live close encounter with a UFO that seemed to signal back to them. The recording was nearly lost to time before being remastered.
-42.4,173.68 Black Cat Report: The Kaikoura UFO Sightings (Kaikoura Lights 1978) https://podcasters.spotify.com/pod/show/black-cat-report/episodes/77--The-Kaikoura-UFO-Sightings-Kaikoura-Lights-1978-e2dlm9e In December 1978, pilots, a TV news crew and military personnel saw and filmed strange lights off the coast of Kaikoura, New Zealand. The sightings drew international attention and claims of a cover-up, and changed the witnesses' lives.
-36.38694,-71.58806 Black Cat Report: Colonia Dignidad & Paul Schafer (Spicy Potatoes) https://podcasters.spotify.com/pod/show/black-cat-report/episodes/79--Pt-1--Colonia-Dignidad--Paul-Schafer-Spicy-Potatoes-e2e4ime Paul Schäfer, a German preacher tied to William Branham, used his followers' money to found Colonia Dignidad, a secretive cult colony in rural Chile. It began as a youth home and grew into a sealed-off compound.
43.743,-65.3137 Black Cat Report: Sweep Clear 5: The Shelburne Harbor Incident https://podcasters.spotify.com/pod/show/black-cat-report/episodes/84--Sweep-Clear-5-The-Shelburne-Harbor-Incident-e2fluce In 1967, navy divers near Shelburne, Nova Scotia reportedly watched two unknown craft underwater during a secret operation called Sweep Clear 5. The encounter was nearly lost until researcher Chris Styles spent 30 years uncovering it.
34.6182,-79.0086 Black Cat Report: The Lumberton Report: The Earliest Modern Mass Sighting of a Triangle UFO https://podcasters.spotify.com/pod/show/black-cat-report/episodes/86--Pt-1--The-Lumberton-Report-The-Earliest-Modern-Mass-Sighting-of-a-Triangle-UFO-e2g8so4 From April 3 to 9, 1975, more than 80 people around Lumberton, North Carolina, over 40 of them police, saw a triangular UFO. There were high-speed chases and close encounters, and investigator Lee Spiegel got multiple close views.
35.139,-79.006 Black Cat Report: DC Long, Range 19: The DUMB Dump https://podcasters.spotify.com/pod/show/black-cat-report/episodes/93--Pt-1--DC-Long--Range-19-The-DUMB-Dump-e2igne1 In 2010, Army Ranger DC Long went with his father, a Defense Department contractor, to a job site near Fort Bragg called 'Range 19'. They were escorted into an underground facility where a giant granite slab hung silently in midair.
32.3181,-97.6942 Black Cat Report: Billy 'Baldy' Mitchell and The Feud of Mitchell's Bend https://podcasters.spotify.com/pod/show/black-cat-report/episodes/110--Pt1--Billy-Baldy-Mitchell-and-The-Feud-of-Mitchells-Bend-e2nfl88 In 1870s Hood County, Texas, a quarrel between the Mitchell and Truitt families at Mitchell's Bend on the Brazos River turned deadly. It escalated into years of hiding and revenge killings, with Billy 'Baldy' Mitchell at the centre.
34.6182,-79.0086 Black Cat Report: Lumberton UFO Witness Accounts https://podcasters.spotify.com/pod/show/black-cat-report/episodes/128--Lumberton-UFO-Witness-Accounts-e31ve0p Restored eyewitness recordings describe a triangular object over Lumberton, North Carolina, including its shape, colour and movement. Witnesses tell of chasing it, electrical interference, close encounters and a possible crash.
5.8885,-162.0787 Black Cat Report: The Curse of Palmyra Atoll: Prologue to Sea Wind Murders https://podcasters.spotify.com/pod/show/black-cat-report/episodes/131--The-Curse-of-Palmyra-Atoll-Prologue-to-Sea-Wind-Murders-e3316gn Palmyra Atoll is a remote Pacific island with a history of shipwrecks, pirate legends such as the treasure ship La Esperanza, and unexplained disappearances. Its dark reputation, the so-called Palmyra Curse, sets the stage for the 1974 Sea Wind murders.
5.8885,-162.0787 Black Cat Report: Palmyra Atoll and the Sea Wind Murders: Meet the Grahams https://podcasters.spotify.com/pod/show/black-cat-report/episodes/133--Pt1--Palmyra-Atoll-and-the-Sea-Wind-Murders-Meet-the-Grahams-e33lm76 Mac and Muff Graham, owners of the yacht Sea Wind, and drifters Buck Walker and Stephanie Stearns are on course to cross paths on Palmyra in 1974. Their backgrounds lay the groundwork for the murders that followed.
