38.717031,-80.657298 Spotlight on the Flatwoods Monster https://www.iheart.com/podcast/269-the-paranorm-girl-79950429/episode/spotlight-on-the-flatwoods-monster-331828731/ On the evening of September 12, 1952, a bright object streaked across the sky and seemed to land on a hillside on G. Bailey Fisher's farm in Flatwoods, West Virginia. A group of locals who climbed up to look reported a towering, glowing-eyed figure and a choking mist, and the sheriff later found only a lingering smell.
46.87103,-117.36367 Entities of St. Ignatius Hospital with Tour Guide, Val Gregory https://www.iheart.com/podcast/269-the-paranorm-girl-79950429/episode/entities-of-st-ignatius-hospital-with-302014965/ St. Ignatius Hospital in Colfax, Washington, opened in 1893 and served the Palouse for decades before closing for good. Since then, reports of apparitions and voices in its empty halls have made it known as one of the most haunted buildings in the Pacific Northwest.
31.7125,-110.06639 A Conversation with Bruce Burnett, Creator of the Tombstone Wild West Paracon, Pt I https://www.iheart.com/podcast/269-the-paranorm-girl-79950429/episode/a-conversation-with-bruce-burnett-creator-123577073/ Tombstone, Arizona, the silver-boom town of the Earp brothers and the O.K. Corral gunfight, is said to be one of the most haunted towns in the Old West. Visitors and residents report encounters such as a woman in white along its historic streets.
31.71194,-110.06528 A Conversation with Bruce Burnett, Creator of the Tombstone Wild West Paracon, Pt II https://www.iheart.com/podcast/269-the-paranorm-girl-79950429/episode/a-conversation-with-bruce-burnett-creator-123841088/ The Bird Cage Theatre opened in 1881 as Tombstone's notorious saloon, gambling hall and brothel, and its walls still carry bullet holes from the gunfights inside. It is now regarded as one of Arizona's most haunted buildings, with reports of phantom music, voices and figures.
52.40833,0.55667 Spotlight on Lakenheath-Bentwaters https://www.iheart.com/podcast/269-the-paranorm-girl-79950429/episode/spotlight-on-lakenheath-bentwaters-110608921/ On August 13, 1956, radar operators at RAF Lakenheath and RAF Bentwaters tracked unexplained targets and strange aerial lights for about six hours, and fighter jets were scrambled to intercept. Investigators including Project Blue Book and the Condon Committee could not explain it, and anomalous propagation and the Perseid meteors have both been ruled out.
50.29138,19.10915 Halloween Bonus; A Powerful, Polish Poltergeist with Translator of The Elusive Force, Joel Stern https://www.iheart.com/podcast/269-the-paranorm-girl-79950429/episode/halloween-bonus-a-powerful-polish-poltergeist-233381628/ In spring 1983, poltergeist activity erupted around a girl named Joasia Gajewski at her family's home in Sosnowiec, Poland, with objects moving and flying on their own. Polish scientists studied the phenomena for some 40 months, making it one of the best documented poltergeist cases.
36.85889,-87.48639 A Conversation with Paranormal Investigator & Owner of the Knight House, Eric Freeman Sims https://www.iheart.com/podcast/269-the-paranorm-girl-79950429/episode/a-conversation-with-paranormal-investigator-owner-219744176/ The Knight House, built around 1815 to 1820, is the oldest home in Hopkinsville and Christian County, Kentucky, and may have served as a Civil War hospital and an Underground Railroad stop. It has secret tunnels and a door said to be meant for the dead, and its owners report ongoing paranormal activity.
44.850483,-95.901872 A Conversation with Paranormal Investigator & Owner of The Boyd House, Jill Shelley https://www.iheart.com/podcast/269-the-paranorm-girl-79950429/episode/a-conversation-with-paranormal-investigator-owner-162217100/ The Boyd House is an old home in the tiny town of Boyd in southwest Minnesota, now rented out for overnight stays to people drawn by its reputation. Paranormal investigators have reported apparitions and voices there, and it is billed as one of the most haunted homes in Minnesota.
39.92168,-80.734463 A Conversation with Paranormal Quest Investigator and Haunted Museum Owner, Steve Hummel https://www.iheart.com/podcast/269-the-paranorm-girl-79950429/episode/a-conversation-with-paranormal-quest-investigator-98009034/ Moundsville, West Virginia, is home to the former West Virginia State Penitentiary, a Gothic prison notorious for violence and executions and now a famous ghost-hunting site. Nearby, the Archive of the Afterlife museum displays haunted and occult objects collected by local investigators.
45.747722,-122.239028 A Conversation with Silverstar Mountain Sasquatch Photographer, Randee Chase https://www.iheart.com/podcast/269-the-paranorm-girl-79950429/episode/a-conversation-with-silverstar-mountain-sasquatch-170066958/ On November 17, 2005, a hiker on a snowy peak of Silver Star Mountain in Washington's Gifford Pinchot National Forest photographed what appears to be a large, dark, two-legged figure. The photos became one of the region's best-known pieces of Bigfoot evidence.
43.6532,-79.3832 The Ghost We Made (The Philip Experiment and the Power of Belief) https://www.iheart.com/podcast/269-the-paranorm-girl-79950429/episode/the-ghost-we-made-the-philip-273126575/ In the early 1970s, members of the Toronto Society for Psychical Research invented a fictional ghost named Philip, complete with a tragic backstory, to test whether belief alone could produce phenomena. Within months their séance table was rapping out answers and moving on its own, raising questions about thought forms and poltergeists.
