53.486122789435385, -1.5921304843264341 The Most Haunted Road in Britain https://www.sheffieldtribune.co.uk/the-most-haunted-road-in-britain/ In September 1987, two security guards driving along Stocksbridge Bypass in South Yorkshire encountered a group of young children dancing and singing by the roadside who vanished into thin air. Later, they saw a hooded figure dressed in monk-like garb that also disappeared. #road-ghost #firehose
53.67060488137616, -2.451356105859177 The Devil's Highway https://www.manchestersfinest.com/news/haunted-manchester-the-devils-highway/ The A666 in Bolton, known as 'The Devil’s Highway,' is reputed to be haunted by shadowy figures and has a high accident rate. #approx #road-ghost #firehose
52.46107549565641, -0.23120057395727794 The Ghost of Conington Crossing https://www.cambridge-news.co.uk/news/history/cambridgeshires-crossing-of-death-haunted-27708403 Conington Crossing in Cambridgeshire is believed to be haunted by the ghost of a colonel and his dog, who died in a train accident in the 1940s. The crossing has been the site of numerous accidents and paranormal activity. #road-ghost #firehose
55.54878876129705, -3.8665166844626504 The Woman of Glespin https://historiclanarkshire.wordpress.com/2021/02/08/a-douglas-ghost-story/ A tramp named Elizabeth Campbell died on a road near Glespin in 1832, leading to local tales of her ghost haunting the area where she collapsed. #approx #road-ghost #firehose
50.69804914271393, -1.3463810344856102 Betty's Haunting on Betty Haunt Lane https://www.selectcarleasing.co.uk/news/article/uk-spookiest-roads An innkeeper's daughter murdered by smugglers 200 years ago is said to manifest as a spectral figure walking along Betty Haunt Lane in Newport. #road-ghost #firehose
52.59892975584947, 1.3636978067364742 The White Lady of Kirby Bedon https://www.edp24.co.uk/news/20719997.weird-norfolk-ghost-riding-horse-guards-ley-land-kirby-bedon-next-door-churches/ A ghostly rider, the White Lady, is said to guard two churches in Kirby Bedon, Norfolk, riding a white horse along an ancient ley line. #road-ghost #firehose
52.50987879497505, 1.730542576432698 The Sneering Man of Corton https://www.eadt.co.uk/news/21426426.weird-suffolk-cannot-get-memory-horrible-sneering-face-mind-horrifying-ghost-corton/ The story tells of a terrifying encounter with a "sneering" ghost that stalks the coast road between Great Yarmouth and Lowestoft. Drivers have reported seeing this figure and even driving through it. #road-ghost #firehose
50.79370584083762, -2.7150950989239706 The Ghosts of Dead Man's Lane https://www.bridportnews.co.uk/news/23883924.west-dorsets-darkest-roads-ghosts-stories-history/ Dead Man's Lane is a track between Old Mapperton and Netherbury that has been haunted by the spirits of plague victims buried there during the Black Death. #road-ghost #firehose
51.70845892151583, -4.982678616521533 The Waterston Lady http://www.landoflegends.wales/location/waterston-road-llanstadwell The story of the Waterston Lady tells of an old woman in a ragged dress who is seen walking along Waterston Road between Llanstadwell and Waterston, often holding a bundle of rags. She is said to emit an eerie blue glow. #approx #road-ghost #firehose
54.06762355724282, -1.8647044108857576 The Clogging Ghosts of Greenhow Hill https://hauntedhosts.com/haunted-places/north-yorkshire/location/6060-the-clogging-ghosts-of-greenhow-hill The story revolves around the eerie phenomenon of ghostly clogs being heard on the roads around Stump Cross, near Greenhow Hill in North Yorkshire. #approx #road-ghost #firehose
51.66607442792587, 0.025628534084066894 The Phantom Executioner of Hangman's Hill https://www.atlasobscura.com/places/hangmans-hill-essex A ghostly executioner is said to drag unsuspecting people up the hill using his spectral noose. #road-ghost #firehose
55.13464551432328, -6.381060187401073 The Grey Lady of the Dark Hedges https://www.atlasobscura.com/places/the-dark-hedges-county-antrim-northern-ireland A spectral figure known as the Grey Lady is said to glide along the shadowy path of the Dark Hedges, vanishing as the lane concludes. #road-ghost #firehose
51.78283675360412, -0.5245953883028571 The Monk of Spooky Lane https://stephenliddell.co.uk/2022/10/31/the-devils-bridge-in-spooky-lane-hertfordshire/ A silent robed monk and a Roman soldier are reportedly seen walking along Spooky Lane near Devil's Bridge, Hertfordshire, with locals attributing the sightings to ancient Roman and medieval-era hauntings. #road-ghost #firehose
52.44187701677798, -0.7349491957354222 The Phantom Monk of Barford Bridge https://www.northantslive.news/news/northamptonshire-road-phantom-monk-could-5376611 The ghost of a monk is said to haunt a road near Barford Bridge, Northamptonshire, often appearing in the passenger seat of cars or stepping out onto the road, causing accidents and frightening drivers. #road-ghost #firehose
57.67677965603287, -4.02569054731199 The Ghost of Hugh Ross https://www.tainmuseum.org.uk/article.php?id=313 The ghost of a wealthy landowner is said to haunt his former room, throwing legal papers around in anger. #road-ghost #firehose
52.98470778513318, -2.1282091595383132 The Phantom Eyes of Short Street https://www.stokesentinel.co.uk/news/stoke-on-trent-news/stoke-trent-ghost-street-phantom-7752028 Short Street in Longton, Stoke-on-Trent is known for its paranormal activity. People have reported feeling watched and experiencing strange phenomena such as the smell of cigarette smoke and voices. #road-ghost #firehose
56.15880511098523, -3.702355987154152 The Wet Jacket https://mapofstories.scot/the-story-of-the-wet-jacket/ A bus driver picks up a mysterious hitchhiker on a dark road between Dollar and Tillicoultry. #approx #road-ghost #firehose
51.59929139807308, -1.3546219371015924 The Ghost of West Hendred https://www.darkoxfordshire.co.uk/explore/road-ghosts-of-west-hendred/ Two sisters driving on the A417 near West Hendred encounter a ghostly figure who vanishes before impact. #road-ghost #firehose
53.29563695141169, -4.643770213782847 The Ghost Rock https://www.dailypost.co.uk/news/north-wales-news/ghost-rock-haunted-headless-man-26501555 A 15ft tall stone known as the "Ghost Rock" or "Bogey Rock" is said to be haunted by a headless highwayman who was decapitated in a fight with a soldier. #road-ghost #firehose
58.64708, -3.22479 The Green Lady of Castle Mey https://www.mackayshotel.co.uk/blog/haunted-places-in-caithness/ The story tells of a young woman who fell in love with an unsuitable partner. Her father forbade the relationship and she was confined to the top floors of the castle, where she eventually died. #road-ghost #firehose
55.01036724494237, -3.342366587696372 The Ghostly Parade of Kinmount Straight https://www.bbc.co.uk/news/uk-scotland-south-scotland-24655488 Drivers on the A75 in Dumfriesshire have reported seeing ghostly figures, including groups of people pulling handcarts or carrying bundles. #approx #road-ghost #firehose
51.874083079203345, -2.210552016790716 The Ghost of Longlevens https://jerome23.wordpress.com/2010/01/18/a-gloucester-road-ghost/ A young couple driving through Longlevens, Gloucester, hit what they thought was a child but found no body or damage to their car. #road-ghost #firehose
51.3800075572675, -2.294628440281707 Sally in the Woods https://www.somersetlive.co.uk/whats-on/sally-in-wood-haunted-bath-8868189 The road near Bath, known as Sally in the Wood, is believed to be haunted by the ghost of a murdered girl named Sally. The area is notorious for eerie occurrences and an unsettling atmosphere. #approx #road-ghost #firehose
54.39157314783762, -3.270795161420069 The Ghostly Horse of Wasdale https://esmeraldamac.wordpress.com/2011/02/09/corpse-roads-faerie-and-ghostly-goings-on/ The ghost story involves a pony that bolted with a coffin, leading to the disappearance of both the pony and the body. Months later, another pony pulling a different coffin also bolted at the same spot, resulting in the discovery of the first missing coffin but not the second. #road-ghost #firehose
53.81468543819812, -0.18981402090504707 The Ghostly Hitchhiker of Burton Constable Hall https://www.hulldailymail.co.uk/news/hull-east-yorkshire-news/ghost-appears-you-drive-east-7707168 A driver experiences a supernatural presence while driving to Burton Constable Hall, East Yorkshire's most haunted house. #road-ghost #firehose
51.13734812925926, 1.2953057063553595 The Headless Woman of Buckland Bridge https://www.dgwgo.com/out-and-about-in-dg/scariest-places-in-dumfries-and-galloway/ A farmer and his farmhand narrowly escape a violent encounter after encountering a headless woman on Buckland Bridge, who warns them of hidden robbers in the Glen. #road-ghost #firehose
53.54160632136748, -2.5024836893136673 Phantom Miners of Platt Lane https://www.lancs.live/news/lancashire-news/haunted-old-lancashire-road-drivers-32517092 Drivers on Platt Lane near Westhoughton report encountering ghostly miners hauling carts and glowing eyes in the hedges, linked to the 1910 Pretoria Pit disaster that claimed 344 lives. #road-ghost #firehose
60.72626907112389, -0.9052920944072405 The White Wife of Watlee https://www.shetnews.co.uk/2019/05/11/unst-men-relive-encounters-with-the-white-wife/ The White Wife of Watlee is a legendary ghost figure on the island of Unst in Shetland, Scotland. She is said to appear to single men driving alone on a remote stretch of road near Loch Watlee. #approx #road-ghost #firehose
51.33270287320063, 0.5029260113176784 The Ghost of Blue Bell Hill https://www.kentonline.co.uk/maidstone/news/the-true-story-behind-the-ghost-of-blue-bell-hill-214650/ The ghost of Judith Lingham, a young woman who died in a 1965 car crash on the A229, is said to appear as a hitchhiker or figure on the road before vanishing, with sightings reported for decades. #road-ghost #firehose
50.862382209541856, -0.3782136824574649 The Ghost of Lychpole Manor https://www.somptingestate.com/local-ghost-story A highwayman's ghost haunts a stretch of road between Lancing and Steyning in East Sussex. #approx #road-ghost #firehose
52.032813548662965, -3.266666894867527 The Ghostly Figure on the A470 https://www.brecon-radnor.co.uk/news/ghost-apparitions-on-welsh-roads-82353 A driver and passenger reported seeing a ghostly figure with an oval, featureless head by the side of the road near Llyswen. #road-ghost #firehose
51.33317222868576, 0.502936269950395 The Ghostly Hitchhiker of Blue Bell Hill https://www.london-now.co.uk/news/25968243.a21-blackwall-tunnel-a229-among-londons-haunted-roads/ The story revolves around a phantom hitchhiker seen on the A229 near Maidstone, Kent. This ghost is often described as a young woman in white who appears to be hit by vehicles and then vanishes. #approx #road-ghost #firehose
56.66926612805001, -2.700703334345426 The Ghost of Jock's Road http://angusfolklore.blogspot.com/2017/08/some-ghosts-to-keep-you-going.html Jock's Road in Angus is periodically haunted by an anonymous figure dressed in winter clothes. #approx #road-ghost #firehose
56.74211342418056, -3.7784845422973685 The Ghosts of Killiecrankie https://thefairytaletraveler.com/2014/06/25/perthshire-scotland-killiecrankie-legend/ The story tells of a cyclist who encounters the ghosts of soldiers from the Battle of Killiecrankie, which took place in 1689. The cyclist witnesses a spectral battle and is terrified by the apparitions. #road-ghost #firehose
53.40099111039269, -2.9564854483050484 The Knight of Smithdown Lane https://www.liverpoolecho.co.uk/news/liverpool-news/ancient-liverpool-road-people-vanish-28176135 A man encountered a spectral knight in armor on Smithdown Lane during a dense fog in 1987, later realizing he had witnessed a timeslip to medieval times. #road-ghost #firehose
54.34786318749012, -6.657006410576469 The Green Lady of Vicar's Hill https://spiritedisle.ie/explore/listing/vicars-hill-armagh/ A young woman, Bellina Prior, is accused of killing a child and later returns as a ghost to haunt Vicar's Hill in Armagh. #road-ghost #firehose
52.61632472827398, -1.0739872828662986 The Jaywalking Nun of Shady Lane https://www.leicestermercury.co.uk/news/leicester-news/terrifying-tale-ghostly-nun-seen-1322161 A couple driving through Evington reported encountering a ghostly nun appearing directly in front of their car on Shady Lane, leaving skid marks but no collision. #road-ghost #firehose
52.14419033869663, -2.5550937549657595 The Phantom Driver of A465 http://news.bbc.co.uk/2/hi/uk_news/england/2360815.stm Locals in Herefordshire attribute repeated accidents on the A465 near Bromyard to the ghost of a woman who died in a 1920s road collision after a struggle over her steering wheel. #road-ghost #firehose
55.96956104901749, -2.962006515251814 The Lady in Black on Edinburgh Road https://www.eastlothiancourier.com/news/13563790.on-the-trail-of-ghosts-in-cockenzie/ A paranormal investigator encounters a ghostly woman in black on Edinburgh Road near Cockenzie House. #road-ghost #firehose
57.613980226311774, -3.097810926000437 The Ghostly Tale of Calder House https://www.forres-gazette.co.uk/news/a-moray-horror-story-215921/ A young man named Liam Grant seeks refuge in a derelict house known as Calder House in Elgin, only to encounter a terrifying supernatural entity. #road-ghost #firehose
54.56015288124401, -6.6986698804327105 The Ghost of Mullaghmoyle Road http://news.bbc.co.uk/2/hi/uk_news/northern_ireland/7811761.stm A mysterious white lady has been spotted on the Mullaghmoyle Road near Coalisland, County Tyrone, causing a stir and attracting crowds. #approx #road-ghost #firehose
50.56864044153184, -3.943653314460793 The Hairy Hands of Dartmoor https://www.bbc.co.uk/devon/discovering/legends/hairy_hands.shtml The story tells of ghostly hairy hands that appear on a stretch of road near Postbridge and Princetown on Dartmoor, Devon. These hands are said to grab at vehicles and try to force them off the road. #approx #road-ghost #firehose
51.60000474323643, -4.269806014043154 The Phantom Woman of Llangennith http://news.bbc.co.uk/2/hi/uk_news/wales/1661785.stm A phantom woman dressed in white is frequently seen on the main street of Llangennith, Gower. #road-ghost #firehose
52.789061149038844, -2.3881744775032816 The Ghost of Madam Pigott https://www.shropshirestar.com/news/north-shropshire/market-drayton/is-this-photographic-proof-of-the-newport-ghost-6367259 The ghost of Madam Piggott is said to haunt a stretch of road near Chetwynd Park, Shropshire. She is often seen as a woman in white carrying a baby. #approx #road-ghost #firehose
52.151210439338065, -2.0230167148917584 The Ghostly Tale of Old Buckle https://www.explorethepast.co.uk/2020/10/a-real-ghost-story/ This story recounts the legend of Old Buckle, a headless horseman who is said to haunt the road between Throckmorton and Bishampton in Worcestershire. #approx #road-ghost #firehose
53.161951040500526, -3.189250622091749 The Ghostly Figure on Cadhole Road https://www.mythslegendsodditiesnorth-east-wales.co.uk/deborah-s-well In 1972, a couple driving through Denbighshire encountered a ghostly figure on fire on Cadhole Road. #approx #road-ghost #firehose
55.00077799850155, -7.282613315406623 The Ghosts of Maggie Murphy's Lane https://www.derryjournal.com/news/people/halloween-derry-and-donegals-most-haunted-spots-and-their-spine-chilling-ghost-stories-5345648 Maggie Murphy, her lover, and her enraged father are said to haunt Maggie Murphy's Lane following their tragic deaths in the 1880s. Witnesses report spectral figures and chilling phenomena along the road. #road-ghost #firehose
51.872818556879004, -4.214915191370018 The Phantom Men of Carmarthen https://hauntedhosts.com/haunted-places/wales/location/3093-phantom-men-of-carmarthen A truck driver encounters three ghostly men on the A40 road between Carmarthen and Llangathen, one of whom vanishes under his vehicle. #approx #road-ghost #firehose
51.39614289377117, -0.8805443407142467 The Phantom Headless Soldier of Barkham Road https://www.berkshirehistory.gowerweb.co.uk/legends/ghosts_b.html The ghost of a headless soldier is said to roam along Barkham Road in Berkshire, adding to the eerie atmosphere of the area. #approx #road-ghost #firehose
53.0449808620628, -0.4476985228649696 The Ruskington Horror https://www.lincolnshirelive.co.uk/news/local-news/haunted-stretch-lincolnshire-road-left-3455381 The Ruskington Horror is a ghostly apparition that has been reported along the A15 road near Ruskington, Lincolnshire, for decades. The sightings include various spectral figures, such as a phantom cyclist and a little girl in a pink gown. #approx #road-ghost #firehose
51.49252831057595, -1.6383053926927416 The Ghost of Dore https://aldbourneheritage.org.uk/aldbourne-ghost-story A vicar encounters a headless ghost on a moonlit road near Aldbourne, Wiltshire. #approx #road-ghost #firehose
50.34153578635911, -4.4928821164786035 The Lady of the Lane https://jd-art-blog.jimmsdesign.co.uk/ghost-stories-of-talland-bay-the-lady-of-the-lane-artwork/ The Lady of the Lane is a ghostly apparition said to haunt the narrow roads between West Looe and Talland Bay in Cornwall. She appears as a woman dressed in white, with a sorrowful expression and no eyes. #approx #road-ghost #firehose
50.868363693976164, -1.0132800177788488 The Ghostly Hitchhiker of Hulbert Road https://emilyjessicaturner.com/2017/10/30/remaining-wraiths-haunted-waterlooville/ A spectral hitchhiker is said to haunt a stretch of road in Waterlooville, Hampshire. Drivers have reported picking up a young woman who vanishes before reaching her destination. #approx #road-ghost #firehose
55.42801942682613, -4.63744754106405 The Ghostly Encounter at Alloway Kirkyard https://afhs.co.uk/ayrshires-most-haunted-ten-top-ayrshire-ghost-encounters/ Two American tourists fled after encountering a dark mist that created eerie sounds near the ruined kirk. #road-ghost #firehose
54.99768105452996, -3.2491110654214563 The Victorian Ghost of Annan Road https://www.scottish-paranormal.co.uk/post/the-haunting-of-a75-scotland-s-ghost-road-unveiled A spectral old lady in Victorian attire haunts a road near Annan, seen by multiple witnesses. #approx #road-ghost #firehose
51.265901245226495, -0.5387004957012755 The A3 Ghost Crash https://www.getsurrey.co.uk/news/surrey-news/looking-back-infamous-a3-ghost-25385369 On December 11, 2002, multiple drivers reported witnessing a car crash on the A3 near Guildford. However, when police arrived, they found no evidence of a recent accident until they discovered an old wreckage and a body hidden in a ditch. #approx #road-ghost #firehose
40.77901849248321, 30.6659985259426 The Phantom Passengers of the D-100 Highway https://www.heartstartspounding.com/episodes/bodiesbodiesbodies Motorists traveling along the D-100 highway at night near the town of Kargali Hanbaba report seeing phantom passengers fleeing across the road who mysteriously vanish upon touching the pavement. This eerie urban legend stems from a tragic 1965 chemical accident on that exact stretch of roadway. #approx #road-ghost #firehose
41.08388664441031, -74.4465683335637 The Ghost Boy of Dead Man's Curve https://en.wikipedia.org/wiki/Clinton_Road_(New_Jersey) Drivers who leave a coin on a specific bridge along Clinton Road at midnight may have it returned by the spirit of a young boy who drowned nearby. In more chilling accounts, the phantom attempts to push unsuspecting visitors into the water. #approx #road-ghost #firehose
-30.856912868070683, 149.45183993863228 The Pilliga Princess https://www.teletracnavman.com.au/resources/blog/the-6-spookiest-roads-in-australia An eccentric woman who famously wandered the Newell Highway in New South Wales was tragically struck and killed by a truck in 1993. Since her death, motorists and truck drivers have frequently reported seeing her ghostly apparition pushing her shopping trolley along the highway after dark. #approx #road-ghost #firehose
23.854908150306173, 90.40484467273889 The White Lady of Airport Road https://twilightmystica.com/haunted-dhaka-airport-road/ Drivers traveling past midnight frequently encounter a phantom woman in a white sari who suddenly materializes in the middle of the highway and rushes toward oncoming vehicles before vanishing. #approx #road-ghost #firehose
42.45413802308814, 1.492748206156064 The White Lady of Auvinyà https://ca.wikipedia.org/wiki/Dama_Blanca_d%27Aubiny%C3%A0 The ghost of a medieval noblewoman appears along the mountain paths and border passes of Auvinyà to protect Andorra from foreign tyrants. She famously lured a despotic Bishop of Urgell into the woods, leading to his mysterious disappearance. #approx #road-ghost #firehose
27.475051621332767, 90.3500831919142 The Messenger of Chendebji https://bestbhutan.com/haunted-bhutan Travelers navigating the dark highway near the Chendebji Chorten on the Trongsa road frequently report eerie paranormal encounters tied to the legendary royal messenger who died there. #road-ghost #firehose
51.217016035885436, 4.395430508237434 The Phantom Nun of Kloosterstraat https://yoo.rs/5-urban-legends-from-belgium-and-the-netherlands A medieval nun punished for a forbidden romance haunts a historic city street with phantom footsteps and shadowy apparitions. Witnesses along the thoroughfare report hearing her lingering steps and catching glimpses of her spirit near the former monastery site. #road-ghost #firehose
-24.53390457381034, 25.99260333620296 The Ghost of Mmamashia https://titansblogtoo.wordpress.com/2023/04/18/the-ghost-of-mmamashia/ A ghostly twelve-year-old boy named Poloko perpetually waits by the A1 road traffic lights in Mmamashia for parents who never arrive. Unaware of his passing, his presence by the highway startles passing motorists before an elderly traveler stops to comfort him. #road-ghost #firehose
